,Name,Year,Month,value
0,Lai Châu,2019,1,144.9
1,Sơn La,2019,1,58.7
2,Tuyên Quang,2019,1,54.7
3,Hà Nội,2019,1,16.6
4,Bãi Cháy,2019,1,18.9
5,Nam Định,2019,1,16.9
6,Vinh,2019,1,33.5
7,Huế,2019,1,215.2
8,Đà Nẵng,2019,1,270.3
9,Qui Nhơn,2019,1,303.8
11,Đà Lạt,2019,1,6.6
12,Nha Trang,2019,1,172.7
13,Vũng Tàu,2019,1,4.4
14,Cà Mau,2019,1,149.3
15,Lai Châu,2018,1,53.5
16,Sơn La,2018,1,32.4
17,Tuyên Quang,2018,1,41.4
18,Hà Nội,2018,1,16.6
19,Bãi Cháy,2018,1,18.0
20,Nam Định,2018,1,14.1
21,Vinh,2018,1,18.3
22,Huế,2018,1,160.3
23,Đà Nẵng,2018,1,22.8
24,Qui Nhơn,2018,1,128.6
26,Đà Lạt,2018,1,29.6
27,Nha Trang,2018,1,18.8
28,Vũng Tàu,2018,1,7.3
29,Cà Mau,2018,1,42.5
30,Lai Châu,2017,1,72.2
31,Sơn La,2017,1,150.8
32,Tuyên Quang,2017,1,161.9
33,Hà Nội,2017,1,70.9
34,Bãi Cháy,2017,1,26.4
35,Nam Định,2017,1,42.9
36,Vinh,2017,1,65.1
37,Huế,2017,1,241.7
38,Đà Nẵng,2017,1,134.9
39,Qui Nhơn,2017,1,153.1
40,Pleiku,2017,1,0.3
41,Đà Lạt,2017,1,13.2
42,Nha Trang,2017,1,215.6
43,Vũng Tàu,2017,1,109.6
44,Cà Mau,2017,1,15.8
45,Lai Châu,2016,1,74.0
46,Sơn La,2016,1,100.8
47,Tuyên Quang,2016,1,55.5
48,Hà Nội,2016,1,96.9
49,Bãi Cháy,2016,1,181.0
50,Nam Định,2016,1,178.6
51,Vinh,2016,1,84.9
52,Huế,2016,1,124.3
53,Đà Nẵng,2016,1,74.2
54,Qui Nhơn,2016,1,55.6
55,Pleiku,2016,1,8.5
56,Đà Lạt,2016,1,4.7
57,Nha Trang,2016,1,7.1
59,Cà Mau,2016,1,0.2
60,Lai Châu,2015,1,82.7
61,Sơn La,2015,1,76.3
62,Tuyên Quang,2015,1,65.5
63,Hà Nội,2015,1,25.6
64,Bãi Cháy,2015,1,36.1
65,Nam Định,2015,1,23.7
66,Vinh,2015,1,60.9
67,Huế,2015,1,71.1
68,Đà Nẵng,2015,1,24.2
69,Qui Nhơn,2015,1,63.5
71,Đà Lạt,2015,1,0.1
72,Nha Trang,2015,1,26.3
73,Vũng Tàu,2015,1,2.5
74,Cà Mau,2015,1,43.6
75,Lai Châu,2014,1,3.7
76,Sơn La,2014,1,1.4
77,Tuyên Quang,2014,1,3.8
78,Hà Nội,2014,1,0.7
79,Bãi Cháy,2014,1,1.0
80,Nam Định,2014,1,1.7
81,Vinh,2014,1,5.5
82,Huế,2014,1,76.3
83,Đà Nẵng,2014,1,86.6
84,Qui Nhơn,2014,1,19.6
86,Đà Lạt,2014,1,5.9
87,Nha Trang,2014,1,2.1
89,Cà Mau,2014,1,8.3
90,Lai Châu,2013,1,55.7
91,Sơn La,2013,1,42.9
92,Tuyên Quang,2013,1,25.4
93,Hà Nội,2013,1,13.8
94,Bãi Cháy,2013,1,35.9
95,Nam Định,2013,1,16.3
96,Vinh,2013,1,36.0
97,Huế,2013,1,47.3
98,Đà Nẵng,2013,1,17.8
99,Qui Nhơn,2013,1,118.6
100,Pleiku,2013,1,0.2
101,Đà Lạt,2013,1,5.0
102,Nha Trang,2013,1,63.6
103,Vũng Tàu,2013,1,7.1
104,Cà Mau,2013,1,36.9
105,Lai Châu,2012,1,99.7
106,Sơn La,2012,1,90.5
107,Tuyên Quang,2012,1,51.1
108,Hà Nội,2012,1,20.3
109,Bãi Cháy,2012,1,41.7
110,Nam Định,2012,1,40.7
111,Vinh,2012,1,57.9
112,Huế,2012,1,155.9
113,Đà Nẵng,2012,1,56.8
114,Qui Nhơn,2012,1,104.4
115,Pleiku,2012,1,6.2
116,Đà Lạt,2012,1,19.2
117,Nha Trang,2012,1,98.8
118,Vũng Tàu,2012,1,0.2
119,Cà Mau,2012,1,7.3
120,Lai Châu,2011,1,21.0
121,Sơn La,2011,1,11.1
122,Tuyên Quang,2011,1,12.9
123,Hà Nội,2011,1,9.3
124,Bãi Cháy,2011,1,2.7
125,Nam Định,2011,1,5.5
126,Vinh,2011,1,47.0
127,Huế,2011,1,361.2
128,Đà Nẵng,2011,1,160.6
129,Qui Nhơn,2011,1,24.0
131,Đà Lạt,2011,1,1.0
132,Nha Trang,2011,1,22.1
133,Vũng Tàu,2011,1,1.2
134,Cà Mau,2011,1,19.0
135,Lai Châu,2010,1,14.6
136,Sơn La,2010,1,79.1
137,Tuyên Quang,2010,1,4.9
138,Hà Nội,2010,1,80.9
139,Bãi Cháy,2010,1,140.9
140,Nam Định,2010,1,113.8
141,Vinh,2010,1,61.3
142,Huế,2010,1,95.9
143,Đà Nẵng,2010,1,87.9
144,Qui Nhơn,2010,1,110.4
145,Pleiku,2010,1,0.3
146,Đà Lạt,2010,1,3.1
147,Nha Trang,2010,1,98.9
149,Cà Mau,2010,1,22.7
150,Lai Châu,2009,1,0.7
151,Sơn La,2009,1,0.0
152,Tuyên Quang,2009,1,4.9
153,Hà Nội,2009,1,4.9
154,Bãi Cháy,2009,1,0.8
155,Nam Định,2009,1,4.9
156,Vinh,2009,1,37.2
157,Huế,2009,1,257.0
158,Đà Nẵng,2009,1,159.5
159,Qui Nhơn,2009,1,77.7
160,Pleiku,2009,1,0.3
161,Đà Lạt,2009,1,3.1
162,Nha Trang,2009,1,35.4
163,Vũng Tàu,2009,1,0.0
164,Cà Mau,2009,1,22.7
165,Lai Châu,2008,1,46.0
166,Sơn La,2008,1,24.0
167,Tuyên Quang,2008,1,20.0
168,Hà Nội,2008,1,27.0
169,Bãi Cháy,2008,1,79.0
170,Nam Định,2008,1,61.0
171,Vinh,2008,1,83.0
172,Huế,2008,1,118.0
173,Đà Nẵng,2008,1,83.0
174,Qui Nhơn,2008,1,258.0
175,Pleiku,2008,1,3.0
176,Đà Lạt,2008,1,27.0
177,Nha Trang,2008,1,138.0
178,Vũng Tàu,2008,1,4.0
179,Cà Mau,2008,1,113.0
180,Lai Châu,2007,1,4.0
181,Sơn La,2007,1,4.0
182,Tuyên Quang,2007,1,2.0
183,Hà Nội,2007,1,3.0
184,Bãi Cháy,2007,1,4.0
185,Nam Định,2007,1,6.0
186,Vinh,2007,1,33.0
187,Huế,2007,1,255.0
188,Đà Nẵng,2007,1,153.0
189,Qui Nhơn,2007,1,68.0
190,Pleiku,2007,1,0.0
191,Đà Lạt,2007,1,0.0
192,Nha Trang,2007,1,23.0
193,Vũng Tàu,2007,1,2.0
194,Cà Mau,2007,1,38.0
197,Tuyên Quang,2006,1,1.0
199,Bãi Cháy,2006,1,2.0
200,Nam Định,2006,1,2.0
201,Vinh,2006,1,27.0
202,Huế,2006,1,179.0
203,Đà Nẵng,2006,1,98.0
204,Qui Nhơn,2006,1,55.0
206,Đà Lạt,2006,1,26.0
207,Nha Trang,2006,1,9.0
209,Cà Mau,2006,1,69.0
210,Lai Châu,2019,2,25.1
211,Sơn La,2019,2,10.2
212,Tuyên Quang,2019,2,42.9
213,Hà Nội,2019,2,28.8
214,Bãi Cháy,2019,2,25.4
215,Nam Định,2019,2,17.5
216,Vinh,2019,2,18.0
217,Huế,2019,2,0.1
218,Đà Nẵng,2019,2,1.4
219,Qui Nhơn,2019,2,0.3
222,Nha Trang,2019,2,3.5
224,Cà Mau,2019,2,0.8
225,Lai Châu,2018,2,31.8
226,Sơn La,2018,2,2.8
227,Tuyên Quang,2018,2,10.5
228,Hà Nội,2018,2,10.0
229,Bãi Cháy,2018,2,5.2
230,Nam Định,2018,2,10.7
231,Vinh,2018,2,50.9
232,Huế,2018,2,47.9
233,Đà Nẵng,2018,2,11.9
234,Qui Nhơn,2018,2,2.6
236,Đà Lạt,2018,2,115.1
237,Nha Trang,2018,2,6.0
239,Cà Mau,2018,2,11.2
240,Lai Châu,2017,2,16.0
241,Sơn La,2017,2,19.5
242,Tuyên Quang,2017,2,5.6
243,Hà Nội,2017,2,12.3
244,Bãi Cháy,2017,2,53.3
245,Nam Định,2017,2,9.3
246,Vinh,2017,2,36.9
247,Huế,2017,2,205.2
248,Đà Nẵng,2017,2,60.3
249,Qui Nhơn,2017,2,124.8
250,Pleiku,2017,2,0.3
251,Đà Lạt,2017,2,36.7
252,Nha Trang,2017,2,40.0
253,Vũng Tàu,2017,2,0.4
254,Cà Mau,2017,2,54.3
255,Lai Châu,2016,2,24.9
256,Sơn La,2016,2,32.8
257,Tuyên Quang,2016,2,7.8
258,Hà Nội,2016,2,4.2
259,Bãi Cháy,2016,2,3.4
260,Nam Định,2016,2,8.8
261,Vinh,2016,2,25.8
262,Huế,2016,2,86.4
263,Đà Nẵng,2016,2,5.4
264,Qui Nhơn,2016,2,34.7
266,Đà Lạt,2016,2,0.9
267,Nha Trang,2016,2,17.9
269,Cà Mau,2016,2,2.1
270,Lai Châu,2015,2,41.0
271,Sơn La,2015,2,1.6
272,Tuyên Quang,2015,2,14.1
273,Hà Nội,2015,2,12.5
274,Bãi Cháy,2015,2,35.6
275,Nam Định,2015,2,53.7
276,Vinh,2015,2,49.2
277,Huế,2015,2,64.2
278,Đà Nẵng,2015,2,12.0
279,Qui Nhơn,2015,2,16.9
280,Pleiku,2015,2,0.1
281,Đà Lạt,2015,2,28.1
282,Nha Trang,2015,2,1.4
285,Lai Châu,2014,2,16.7
286,Sơn La,2014,2,21.4
287,Tuyên Quang,2014,2,35.7
288,Hà Nội,2014,2,16.1
289,Bãi Cháy,2014,2,21.9
290,Nam Định,2014,2,22.4
291,Vinh,2014,2,46.9
292,Huế,2014,2,28.6
294,Qui Nhơn,2014,2,1.7
296,Đà Lạt,2014,2,1.1
297,Nha Trang,2014,2,0.3
300,Lai Châu,2013,2,41.2
301,Sơn La,2013,2,13.6
302,Tuyên Quang,2013,2,35.5
303,Hà Nội,2013,2,17.7
304,Bãi Cháy,2013,2,9.9
305,Nam Định,2013,2,28.5
306,Vinh,2013,2,35.1
307,Huế,2013,2,27.2
308,Đà Nẵng,2013,2,44.5
309,Qui Nhơn,2013,2,70.0
310,Pleiku,2013,2,0.1
311,Đà Lạt,2013,2,1.3
312,Nha Trang,2013,2,34.6
313,Vũng Tàu,2013,2,0.9
314,Cà Mau,2013,2,8.1
315,Lai Châu,2012,2,5.5
316,Sơn La,2012,2,6.0
317,Tuyên Quang,2012,2,18.7
318,Hà Nội,2012,2,16.5
319,Bãi Cháy,2012,2,15.0
320,Nam Định,2012,2,22.7
321,Vinh,2012,2,30.7
322,Huế,2012,2,76.1
323,Đà Nẵng,2012,2,37.4
324,Qui Nhơn,2012,2,40.1
325,Pleiku,2012,2,15.5
326,Đà Lạt,2012,2,88.7
327,Nha Trang,2012,2,28.3
328,Vũng Tàu,2012,2,35.9
329,Cà Mau,2012,2,24.4
331,Sơn La,2011,2,13.3
332,Tuyên Quang,2011,2,12.1
333,Hà Nội,2011,2,17.5
334,Bãi Cháy,2011,2,14.8
335,Nam Định,2011,2,13.4
336,Vinh,2011,2,22.6
337,Huế,2011,2,14.3
339,Qui Nhơn,2011,2,10.7
340,Pleiku,2011,2,6.6
341,Đà Lạt,2011,2,0.2
345,Lai Châu,2010,2,17.8
346,Sơn La,2010,2,18.0
347,Tuyên Quang,2010,2,13.9
348,Hà Nội,2010,2,8.1
349,Bãi Cháy,2010,2,10.2
350,Nam Định,2010,2,7.5
351,Vinh,2010,2,28.7
352,Huế,2010,2,12.7
353,Đà Nẵng,2010,2,0.0
354,Qui Nhơn,2010,2,0.0
355,Pleiku,2010,2,5.0
356,Đà Lạt,2010,2,70.5
357,Nha Trang,2010,2,0.9
358,Vũng Tàu,2010,2,8.0
359,Cà Mau,2010,2,101.3
360,Lai Châu,2009,2,8.4
361,Sơn La,2009,2,0.1
362,Tuyên Quang,2009,2,13.9
363,Hà Nội,2009,2,8.0
364,Bãi Cháy,2009,2,20.2
365,Nam Định,2009,2,3.0
366,Vinh,2009,2,19.6
367,Huế,2009,2,24.1
368,Đà Nẵng,2009,2,23.3
369,Qui Nhơn,2009,2,31.1
370,Pleiku,2009,2,5.0
371,Đà Lạt,2009,2,70.5
372,Nha Trang,2009,2,21.8
373,Vũng Tàu,2009,2,8.0
374,Cà Mau,2009,2,101.3
375,Lai Châu,2008,2,76.0
376,Sơn La,2008,2,65.0
377,Tuyên Quang,2008,2,44.0
378,Hà Nội,2008,2,14.0
379,Bãi Cháy,2008,2,26.0
380,Nam Định,2008,2,21.0
381,Vinh,2008,2,33.0
382,Huế,2008,2,85.0
383,Đà Nẵng,2008,2,34.0
384,Qui Nhơn,2008,2,26.0
385,Pleiku,2008,2,1.0
386,Đà Lạt,2008,2,35.0
387,Nha Trang,2008,2,41.0
388,Vũng Tàu,2008,2,1.0
389,Cà Mau,2008,2,8.0
390,Lai Châu,2007,2,27.0
391,Sơn La,2007,2,17.0
392,Tuyên Quang,2007,2,32.0
393,Hà Nội,2007,2,25.0
394,Bãi Cháy,2007,2,21.0
395,Nam Định,2007,2,45.0
396,Vinh,2007,2,35.0
397,Huế,2007,2,3.0
398,Đà Nẵng,2007,2,0.0
399,Qui Nhơn,2007,2,1.0
400,Pleiku,2007,2,0.0
401,Đà Lạt,2007,2,0.0
402,Nha Trang,2007,2,3.0
405,Lai Châu,2006,2,33.0
406,Sơn La,2006,2,36.0
407,Tuyên Quang,2006,2,15.0
408,Hà Nội,2006,2,25.0
409,Bãi Cháy,2006,2,10.0
410,Nam Định,2006,2,34.0
411,Vinh,2006,2,53.0
412,Huế,2006,2,88.0
413,Đà Nẵng,2006,2,34.0
414,Qui Nhơn,2006,2,35.0
416,Đà Lạt,2006,2,16.0
417,Nha Trang,2006,2,38.0
420,Lai Châu,2019,3,51.1
421,Sơn La,2019,3,22.6
422,Tuyên Quang,2019,3,16.3
423,Hà Nội,2019,3,15.1
424,Bãi Cháy,2019,3,32.5
425,Nam Định,2019,3,38.6
426,Vinh,2019,3,53.5
427,Huế,2019,3,8.6
428,Đà Nẵng,2019,3,34.4
430,Pleiku,2019,3,23.5
431,Đà Lạt,2019,3,100.9
432,Nha Trang,2019,3,18.7
434,Cà Mau,2019,3,13.1
435,Lai Châu,2018,3,99.5
436,Sơn La,2018,3,84.0
437,Tuyên Quang,2018,3,51.3
438,Hà Nội,2018,3,34.0
439,Bãi Cháy,2018,3,39.4
440,Nam Định,2018,3,40.9
441,Vinh,2018,3,25.2
442,Huế,2018,3,20.8
443,Đà Nẵng,2018,3,30.3
444,Qui Nhơn,2018,3,1.7
445,Pleiku,2018,3,26.5
446,Đà Lạt,2018,3,74.0
447,Nha Trang,2018,3,23.3
448,Vũng Tàu,2018,3,2.4
449,Cà Mau,2018,3,0.2
450,Lai Châu,2017,3,218.3
451,Sơn La,2017,3,83.9
452,Tuyên Quang,2017,3,88.5
453,Hà Nội,2017,3,112.4
454,Bãi Cháy,2017,3,45.1
455,Nam Định,2017,3,83.7
456,Vinh,2017,3,118.3
457,Huế,2017,3,47.3
458,Đà Nẵng,2017,3,18.7
459,Qui Nhơn,2017,3,8.0
460,Pleiku,2017,3,62.7
461,Đà Lạt,2017,3,25.7
462,Nha Trang,2017,3,11.3
463,Vũng Tàu,2017,3,0.0
464,Cà Mau,2017,3,12.5
465,Lai Châu,2016,3,66.9
466,Sơn La,2016,3,19.1
467,Tuyên Quang,2016,3,36.3
468,Hà Nội,2016,3,24.7
469,Bãi Cháy,2016,3,18.8
470,Nam Định,2016,3,25.9
471,Vinh,2016,3,10.8
472,Huế,2016,3,24.8
473,Đà Nẵng,2016,3,13.8
474,Qui Nhơn,2016,3,5.1
475,Pleiku,2016,3,3.6
476,Đà Lạt,2016,3,4.9
477,Nha Trang,2016,3,0.1
480,Lai Châu,2015,3,63.2
481,Sơn La,2015,3,61.3
482,Tuyên Quang,2015,3,68.3
483,Hà Nội,2015,3,59.4
484,Bãi Cháy,2015,3,23.1
485,Nam Định,2015,3,61.3
486,Vinh,2015,3,73.5
487,Huế,2015,3,180.5
488,Đà Nẵng,2015,3,179.3
489,Qui Nhơn,2015,3,67.7
490,Pleiku,2015,3,0.4
491,Đà Lạt,2015,3,5.3
492,Nha Trang,2015,3,8.1
495,Lai Châu,2014,3,81.6
496,Sơn La,2014,3,36.5
497,Tuyên Quang,2014,3,53.3
498,Hà Nội,2014,3,68.6
499,Bãi Cháy,2014,3,58.8
500,Nam Định,2014,3,85.9
501,Vinh,2014,3,30.9
502,Huế,2014,3,16.9
503,Đà Nẵng,2014,3,3.9
504,Qui Nhơn,2014,3,9.8
505,Pleiku,2014,3,19.2
506,Đà Lạt,2014,3,26.4
507,Nha Trang,2014,3,7.7
510,Lai Châu,2013,3,23.9
511,Sơn La,2013,3,33.4
512,Tuyên Quang,2013,3,25.5
513,Hà Nội,2013,3,46.1
514,Bãi Cháy,2013,3,119.4
515,Nam Định,2013,3,24.0
516,Vinh,2013,3,27.0
517,Huế,2013,3,64.1
518,Đà Nẵng,2013,3,44.6
519,Qui Nhơn,2013,3,22.1
520,Pleiku,2013,3,3.5
521,Đà Lạt,2013,3,126.6
522,Nha Trang,2013,3,15.2
525,Lai Châu,2012,3,31.9
526,Sơn La,2012,3,48.7
527,Tuyên Quang,2012,3,36.6
528,Hà Nội,2012,3,16.9
529,Bãi Cháy,2012,3,34.0
530,Nam Định,2012,3,22.9
531,Vinh,2012,3,37.5
532,Huế,2012,3,17.4
533,Đà Nẵng,2012,3,0.0
534,Qui Nhơn,2012,3,17.4
535,Pleiku,2012,3,5.7
536,Đà Lạt,2012,3,49.0
537,Nha Trang,2012,3,118.7
538,Vũng Tàu,2012,3,31.6
539,Cà Mau,2012,3,233.7
540,Lai Châu,2011,3,115.0
541,Sơn La,2011,3,108.5
542,Tuyên Quang,2011,3,116.5
543,Hà Nội,2011,3,105.8
544,Bãi Cháy,2011,3,60.4
545,Nam Định,2011,3,83.2
546,Vinh,2011,3,56.8
547,Huế,2011,3,167.4
548,Đà Nẵng,2011,3,31.2
549,Qui Nhơn,2011,3,71.0
550,Pleiku,2011,3,17.6
551,Đà Lạt,2011,3,57.9
552,Nha Trang,2011,3,75.9
553,Vũng Tàu,2011,3,1.5
554,Cà Mau,2011,3,87.2
555,Lai Châu,2010,3,52.5
556,Sơn La,2010,3,68.9
557,Tuyên Quang,2010,3,24.6
558,Hà Nội,2010,3,5.8
559,Bãi Cháy,2010,3,5.2
560,Nam Định,2010,3,8.6
561,Vinh,2010,3,11.7
562,Huế,2010,3,42.1
563,Đà Nẵng,2010,3,10.3
564,Qui Nhơn,2010,3,6.4
565,Pleiku,2010,3,9.6
566,Đà Lạt,2010,3,135.1
567,Nha Trang,2010,3,25.9
568,Vũng Tàu,2010,3,1.6
569,Cà Mau,2010,3,2.2
570,Lai Châu,2009,3,43.9
571,Sơn La,2009,3,41.0
572,Tuyên Quang,2009,3,24.6
573,Hà Nội,2009,3,49.1
574,Bãi Cháy,2009,3,55.6
575,Nam Định,2009,3,114.8
576,Vinh,2009,3,92.4
577,Huế,2009,3,86.8
578,Đà Nẵng,2009,3,23.0
579,Qui Nhơn,2009,3,28.4
580,Pleiku,2009,3,9.6
581,Đà Lạt,2009,3,135.1
582,Nha Trang,2009,3,50.3
583,Vũng Tàu,2009,3,1.6
584,Cà Mau,2009,3,2.2
585,Lai Châu,2008,3,91.0
586,Sơn La,2008,3,32.0
587,Tuyên Quang,2008,3,78.0
588,Hà Nội,2008,3,20.0
589,Bãi Cháy,2008,3,73.0
590,Nam Định,2008,3,31.0
591,Vinh,2008,3,33.0
592,Huế,2008,3,80.0
593,Đà Nẵng,2008,3,54.0
594,Qui Nhơn,2008,3,35.0
595,Pleiku,2008,3,3.0
596,Đà Lạt,2008,3,68.0
597,Nha Trang,2008,3,35.0
600,Lai Châu,2007,3,11.0
601,Sơn La,2007,3,9.0
602,Tuyên Quang,2007,3,17.0
603,Hà Nội,2007,3,29.0
604,Bãi Cháy,2007,3,31.0
605,Nam Định,2007,3,32.0
606,Vinh,2007,3,142.0
607,Huế,2007,3,100.0
608,Đà Nẵng,2007,3,58.0
609,Qui Nhơn,2007,3,93.0
610,Pleiku,2007,3,31.0
611,Đà Lạt,2007,3,98.0
612,Nha Trang,2007,3,40.0
613,Vũng Tàu,2007,3,8.0
614,Cà Mau,2007,3,39.0
615,Lai Châu,2006,3,25.0
616,Sơn La,2006,3,37.0
617,Tuyên Quang,2006,3,14.0
618,Hà Nội,2006,3,31.0
619,Bãi Cháy,2006,3,48.0
620,Nam Định,2006,3,28.0
621,Vinh,2006,3,51.0
622,Huế,2006,3,19.0
623,Đà Nẵng,2006,3,2.0
624,Qui Nhơn,2006,3,166.0
625,Pleiku,2006,3,46.0
626,Đà Lạt,2006,3,102.0
627,Nha Trang,2006,3,168.0
628,Vũng Tàu,2006,3,22.0
630,Lai Châu,2019,4,72.7
631,Sơn La,2019,4,66.5
632,Tuyên Quang,2019,4,100.1
633,Hà Nội,2019,4,166.2
634,Bãi Cháy,2019,4,185.4
635,Nam Định,2019,4,98.7
636,Vinh,2019,4,81.2
637,Huế,2019,4,0.7
640,Pleiku,2019,4,76.6
641,Đà Lạt,2019,4,189.2
643,Vũng Tàu,2019,4,8.6
644,Cà Mau,2019,4,60.7
645,Lai Châu,2018,4,292.8
646,Sơn La,2018,4,95.1
647,Tuyên Quang,2018,4,141.2
648,Hà Nội,2018,4,58.8
649,Bãi Cháy,2018,4,44.2
650,Nam Định,2018,4,102.0
651,Vinh,2018,4,53.9
652,Huế,2018,4,208.1
653,Đà Nẵng,2018,4,146.1
654,Qui Nhơn,2018,4,20.0
655,Pleiku,2018,4,81.8
656,Đà Lạt,2018,4,112.0
657,Nha Trang,2018,4,19.2
658,Vũng Tàu,2018,4,1.2
659,Cà Mau,2018,4,10.1
660,Lai Châu,2017,4,217.8
661,Sơn La,2017,4,112.2
662,Tuyên Quang,2017,4,83.8
663,Hà Nội,2017,4,19.1
664,Bãi Cháy,2017,4,38.9
665,Nam Định,2017,4,136.3
666,Vinh,2017,4,24.5
667,Huế,2017,4,30.3
668,Đà Nẵng,2017,4,32.8
669,Qui Nhơn,2017,4,44.0
670,Pleiku,2017,4,56.6
671,Đà Lạt,2017,4,206.4
672,Nha Trang,2017,4,97.3
673,Vũng Tàu,2017,4,43.5
674,Cà Mau,2017,4,98.1
675,Lai Châu,2016,4,197.8
676,Sơn La,2016,4,160.1
677,Tuyên Quang,2016,4,185.0
678,Hà Nội,2016,4,104.5
679,Bãi Cháy,2016,4,204.5
680,Nam Định,2016,4,138.5
681,Vinh,2016,4,42.7
682,Huế,2016,4,26.2
685,Pleiku,2016,4,48.0
686,Đà Lạt,2016,4,204.0
689,Cà Mau,2016,4,4.0
690,Lai Châu,2015,4,140.3
691,Sơn La,2015,4,75.1
692,Tuyên Quang,2015,4,80.3
693,Hà Nội,2015,4,21.6
694,Bãi Cháy,2015,4,26.8
695,Nam Định,2015,4,18.6
696,Vinh,2015,4,60.0
697,Huế,2015,4,151.7
698,Đà Nẵng,2015,4,89.7
699,Qui Nhơn,2015,4,36.2
700,Pleiku,2015,4,12.5
701,Đà Lạt,2015,4,157.0
702,Nha Trang,2015,4,28.6
703,Vũng Tàu,2015,4,13.8
704,Cà Mau,2015,4,6.4
705,Lai Châu,2014,4,214.4
706,Sơn La,2014,4,75.1
707,Tuyên Quang,2014,4,134.6
708,Hà Nội,2014,4,170.4
709,Bãi Cháy,2014,4,148.1
710,Nam Định,2014,4,142.8
711,Vinh,2014,4,15.9
712,Huế,2014,4,5.3
713,Đà Nẵng,2014,4,63.2
714,Qui Nhơn,2014,4,26.7
715,Pleiku,2014,4,311.2
716,Đà Lạt,2014,4,338.5
717,Nha Trang,2014,4,5.1
718,Vũng Tàu,2014,4,39.2
719,Cà Mau,2014,4,61.2
720,Lai Châu,2013,4,312.9
721,Sơn La,2013,4,89.2
722,Tuyên Quang,2013,4,82.5
723,Hà Nội,2013,4,23.3
724,Bãi Cháy,2013,4,67.1
725,Nam Định,2013,4,38.7
726,Vinh,2013,4,70.5
727,Huế,2013,4,25.4
728,Đà Nẵng,2013,4,14.2
729,Qui Nhơn,2013,4,38.9
730,Pleiku,2013,4,122.5
731,Đà Lạt,2013,4,147.8
732,Nha Trang,2013,4,42.3
733,Vũng Tàu,2013,4,104.0
734,Cà Mau,2013,4,104.3
735,Lai Châu,2012,4,142.9
736,Sơn La,2012,4,114.0
737,Tuyên Quang,2012,4,104.7
738,Hà Nội,2012,4,31.8
739,Bãi Cháy,2012,4,98.2
740,Nam Định,2012,4,102.4
741,Vinh,2012,4,19.0
742,Huế,2012,4,51.1
743,Đà Nẵng,2012,4,21.3
744,Qui Nhơn,2012,4,170.8
745,Pleiku,2012,4,91.1
746,Đà Lạt,2012,4,280.6
747,Nha Trang,2012,4,148.8
748,Vũng Tàu,2012,4,261.8
749,Cà Mau,2012,4,136.7
750,Lai Châu,2011,4,163.7
751,Sơn La,2011,4,106.5
752,Tuyên Quang,2011,4,58.4
753,Hà Nội,2011,4,42.0
754,Bãi Cháy,2011,4,35.7
755,Nam Định,2011,4,38.0
756,Vinh,2011,4,29.1
757,Huế,2011,4,72.9
758,Đà Nẵng,2011,4,8.0
759,Qui Nhơn,2011,4,5.0
760,Pleiku,2011,4,33.6
761,Đà Lạt,2011,4,99.5
762,Nha Trang,2011,4,4.5
763,Vũng Tàu,2011,4,80.1
764,Cà Mau,2011,4,91.0
765,Lai Châu,2010,4,130.2
766,Sơn La,2010,4,150.8
767,Tuyên Quang,2010,4,152.7
768,Hà Nội,2010,4,55.6
769,Bãi Cháy,2010,4,125.3
770,Nam Định,2010,4,42.3
771,Vinh,2010,4,78.6
772,Huế,2010,4,7.8
773,Đà Nẵng,2010,4,4.7
774,Qui Nhơn,2010,4,9.1
775,Pleiku,2010,4,144.4
776,Đà Lạt,2010,4,248.7
777,Nha Trang,2010,4,106.7
778,Vũng Tàu,2010,4,70.2
779,Cà Mau,2010,4,201.4
780,Lai Châu,2009,4,212.2
781,Sơn La,2009,4,114.7
782,Tuyên Quang,2009,4,152.7
783,Hà Nội,2009,4,74.3
784,Bãi Cháy,2009,4,133.6
785,Nam Định,2009,4,214.4
786,Vinh,2009,4,84.7
787,Huế,2009,4,149.0
788,Đà Nẵng,2009,4,179.9
789,Qui Nhơn,2009,4,184.3
790,Pleiku,2009,4,144.4
791,Đà Lạt,2009,4,248.7
792,Nha Trang,2009,4,203.1
793,Vũng Tàu,2009,4,70.2
794,Cà Mau,2009,4,201.4
795,Lai Châu,2008,4,142.0
796,Sơn La,2008,4,72.0
797,Tuyên Quang,2008,4,101.0
798,Hà Nội,2008,4,122.0
799,Bãi Cháy,2008,4,39.0
800,Nam Định,2008,4,38.0
801,Vinh,2008,4,33.0
802,Huế,2008,4,74.0
803,Đà Nẵng,2008,4,67.0
804,Qui Nhơn,2008,4,23.0
805,Pleiku,2008,4,119.0
806,Đà Lạt,2008,4,119.0
807,Nha Trang,2008,4,136.0
808,Vũng Tàu,2008,4,45.0
809,Cà Mau,2008,4,94.0
810,Lai Châu,2007,4,139.0
811,Sơn La,2007,4,166.0
812,Tuyên Quang,2007,4,120.0
813,Hà Nội,2007,4,98.0
814,Bãi Cháy,2007,4,44.0
815,Nam Định,2007,4,43.0
816,Vinh,2007,4,76.0
817,Huế,2007,4,180.0
818,Đà Nẵng,2007,4,55.0
819,Qui Nhơn,2007,4,23.0
820,Pleiku,2007,4,49.0
821,Đà Lạt,2007,4,85.0
822,Nha Trang,2007,4,27.0
823,Vũng Tàu,2007,4,27.0
824,Cà Mau,2007,4,86.0
825,Lai Châu,2006,4,123.0
826,Sơn La,2006,4,87.0
827,Tuyên Quang,2006,4,65.0
828,Hà Nội,2006,4,18.0
829,Bãi Cháy,2006,4,43.0
830,Nam Định,2006,4,24.0
831,Vinh,2006,4,44.0
832,Huế,2006,4,52.0
833,Đà Nẵng,2006,4,9.0
834,Qui Nhơn,2006,4,42.0
835,Pleiku,2006,4,65.0
836,Đà Lạt,2006,4,89.0
837,Nha Trang,2006,4,4.0
838,Vũng Tàu,2006,4,72.0
839,Cà Mau,2006,4,116.0
840,Lai Châu,2019,5,500.5
841,Sơn La,2019,5,128.5
842,Tuyên Quang,2019,5,139.6
843,Hà Nội,2019,5,96.8
844,Bãi Cháy,2019,5,159.2
845,Nam Định,2019,5,159.9
846,Vinh,2019,5,108.1
847,Huế,2019,5,125.1
848,Đà Nẵng,2019,5,53.0
849,Qui Nhơn,2019,5,117.7
850,Pleiku,2019,5,154.3
851,Đà Lạt,2019,5,232.9
852,Nha Trang,2019,5,18.7
853,Vũng Tàu,2019,5,96.5
854,Cà Mau,2019,5,205.4
855,Lai Châu,2018,5,433.7
856,Sơn La,2018,5,208.2
857,Tuyên Quang,2018,5,186.4
858,Hà Nội,2018,5,209.0
859,Bãi Cháy,2018,5,102.5
860,Nam Định,2018,5,146.9
861,Vinh,2018,5,29.4
862,Huế,2018,5,24.2
863,Đà Nẵng,2018,5,5.2
864,Qui Nhơn,2018,5,9.4
865,Pleiku,2018,5,191.4
866,Đà Lạt,2018,5,203.4
867,Nha Trang,2018,5,30.2
868,Vũng Tàu,2018,5,163.6
869,Cà Mau,2018,5,219.8
870,Lai Châu,2017,5,194.6
871,Sơn La,2017,5,81.1
872,Tuyên Quang,2017,5,120.4
873,Hà Nội,2017,5,105.4
874,Bãi Cháy,2017,5,171.1
875,Nam Định,2017,5,78.1
876,Vinh,2017,5,139.3
877,Huế,2017,5,231.5
878,Đà Nẵng,2017,5,76.6
879,Qui Nhơn,2017,5,49.7
880,Pleiku,2017,5,251.0
881,Đà Lạt,2017,5,259.5
882,Nha Trang,2017,5,80.6
883,Vũng Tàu,2017,5,169.9
884,Cà Mau,2017,5,272.4
885,Lai Châu,2016,5,308.3
886,Sơn La,2016,5,347.3
887,Tuyên Quang,2016,5,285.7
888,Hà Nội,2016,5,249.0
889,Bãi Cháy,2016,5,205.9
890,Nam Định,2016,5,116.7
891,Vinh,2016,5,85.5
892,Huế,2016,5,108.0
893,Đà Nẵng,2016,5,59.0
894,Qui Nhơn,2016,5,41.1
895,Pleiku,2016,5,161.8
896,Đà Lạt,2016,5,133.5
897,Nha Trang,2016,5,52.7
898,Vũng Tàu,2016,5,83.0
899,Cà Mau,2016,5,161.4
900,Lai Châu,2015,5,216.7
901,Sơn La,2015,5,42.6
902,Tuyên Quang,2015,5,302.3
903,Hà Nội,2015,5,74.2
904,Bãi Cháy,2015,5,187.2
905,Nam Định,2015,5,88.2
906,Vinh,2015,5,119.7
907,Huế,2015,5,40.5
908,Đà Nẵng,2015,5,34.6
909,Qui Nhơn,2015,5,4.5
910,Pleiku,2015,5,140.1
911,Đà Lạt,2015,5,282.2
912,Nha Trang,2015,5,39.4
913,Vũng Tàu,2015,5,100.3
914,Cà Mau,2015,5,131.6
915,Lai Châu,2014,5,243.8
916,Sơn La,2014,5,129.6
917,Tuyên Quang,2014,5,110.9
918,Hà Nội,2014,5,106.1
919,Bãi Cháy,2014,5,36.9
920,Nam Định,2014,5,168.5
921,Vinh,2014,5,19.2
922,Huế,2014,5,79.5
923,Đà Nẵng,2014,5,5.5
924,Qui Nhơn,2014,5,13.4
925,Pleiku,2014,5,255.6
926,Đà Lạt,2014,5,325.6
927,Nha Trang,2014,5,36.1
928,Vũng Tàu,2014,5,70.0
929,Cà Mau,2014,5,153.6
930,Lai Châu,2013,5,381.0
931,Sơn La,2013,5,183.9
932,Tuyên Quang,2013,5,165.8
933,Hà Nội,2013,5,242.5
934,Bãi Cháy,2013,5,220.1
935,Nam Định,2013,5,140.9
936,Vinh,2013,5,82.6
937,Huế,2013,5,43.4
938,Đà Nẵng,2013,5,43.3
939,Qui Nhơn,2013,5,255.6
940,Pleiku,2013,5,118.4
941,Đà Lạt,2013,5,268.6
942,Nha Trang,2013,5,5.6
943,Vũng Tàu,2013,5,98.9
944,Cà Mau,2013,5,196.0
945,Lai Châu,2012,5,282.9
946,Sơn La,2012,5,180.6
947,Tuyên Quang,2012,5,256.5
948,Hà Nội,2012,5,387.7
949,Bãi Cháy,2012,5,434.9
950,Nam Định,2012,5,177.0
951,Vinh,2012,5,289.2
952,Huế,2012,5,216.1
953,Đà Nẵng,2012,5,10.9
954,Qui Nhơn,2012,5,9.7
955,Pleiku,2012,5,173.0
956,Đà Lạt,2012,5,314.8
957,Nha Trang,2012,5,92.4
958,Vũng Tàu,2012,5,70.7
959,Cà Mau,2012,5,249.7
960,Lai Châu,2011,5,356.0
961,Sơn La,2011,5,136.3
962,Tuyên Quang,2011,5,234.9
963,Hà Nội,2011,5,149.0
964,Bãi Cháy,2011,5,199.1
965,Nam Định,2011,5,180.9
966,Vinh,2011,5,113.9
967,Huế,2011,5,148.9
968,Đà Nẵng,2011,5,35.0
969,Qui Nhơn,2011,5,64.5
970,Pleiku,2011,5,412.8
971,Đà Lạt,2011,5,258.3
972,Nha Trang,2011,5,187.8
973,Vũng Tàu,2011,5,193.0
974,Cà Mau,2011,5,241.5
975,Lai Châu,2010,5,339.1
976,Sơn La,2010,5,140.7
977,Tuyên Quang,2010,5,308.1
978,Hà Nội,2010,5,149.7
979,Bãi Cháy,2010,5,196.8
980,Nam Định,2010,5,189.9
981,Vinh,2010,5,26.3
982,Huế,2010,5,67.7
983,Đà Nẵng,2010,5,62.1
984,Qui Nhơn,2010,5,54.9
985,Pleiku,2010,5,266.0
986,Đà Lạt,2010,5,166.7
987,Nha Trang,2010,5,53.1
988,Vũng Tàu,2010,5,277.7
989,Cà Mau,2010,5,342.4
990,Lai Châu,2009,5,416.5
991,Sơn La,2009,5,111.2
992,Tuyên Quang,2009,5,308.1
993,Hà Nội,2009,5,229.0
994,Bãi Cháy,2009,5,223.6
995,Nam Định,2009,5,249.2
996,Vinh,2009,5,123.3
997,Huế,2009,5,220.3
998,Đà Nẵng,2009,5,65.3
999,Qui Nhơn,2009,5,338.7
1000,Pleiku,2009,5,266.0
1001,Đà Lạt,2009,5,166.7
1002,Nha Trang,2009,5,214.2
1003,Vũng Tàu,2009,5,277.7
1004,Cà Mau,2009,5,342.4
1005,Lai Châu,2008,5,262.0
1006,Sơn La,2008,5,133.0
1007,Tuyên Quang,2008,5,164.0
1008,Hà Nội,2008,5,184.0
1009,Bãi Cháy,2008,5,189.0
1010,Nam Định,2008,5,165.0
1011,Vinh,2008,5,74.0
1012,Huế,2008,5,195.0
1013,Đà Nẵng,2008,5,158.0
1014,Qui Nhơn,2008,5,80.0
1015,Pleiku,2008,5,333.0
1016,Đà Lạt,2008,5,220.0
1017,Nha Trang,2008,5,95.0
1018,Vũng Tàu,2008,5,199.0
1019,Cà Mau,2008,5,272.0
1020,Lai Châu,2007,5,491.0
1021,Sơn La,2007,5,267.0
1022,Tuyên Quang,2007,5,288.0
1023,Hà Nội,2007,5,118.0
1024,Bãi Cháy,2007,5,100.0
1025,Nam Định,2007,5,175.0
1026,Vinh,2007,5,204.0
1027,Huế,2007,5,153.0
1028,Đà Nẵng,2007,5,156.0
1029,Qui Nhơn,2007,5,78.0
1030,Pleiku,2007,5,306.0
1031,Đà Lạt,2007,5,338.0
1032,Nha Trang,2007,5,157.0
1033,Vũng Tàu,2007,5,302.0
1034,Cà Mau,2007,5,174.0
1035,Lai Châu,2006,5,243.0
1036,Sơn La,2006,5,152.0
1037,Tuyên Quang,2006,5,263.0
1038,Hà Nội,2006,5,140.0
1039,Bãi Cháy,2006,5,49.0
1040,Nam Định,2006,5,220.0
1041,Vinh,2006,5,100.0
1042,Huế,2006,5,61.0
1043,Đà Nẵng,2006,5,69.0
1044,Qui Nhơn,2006,5,106.0
1045,Pleiku,2006,5,152.0
1046,Đà Lạt,2006,5,176.0
1047,Nha Trang,2006,5,24.0
1048,Vũng Tàu,2006,5,202.0
1049,Cà Mau,2006,5,231.0
1050,Lai Châu,2019,6,711.4
1051,Sơn La,2019,6,231.2
1052,Tuyên Quang,2019,6,352.5
1053,Hà Nội,2019,6,97.1
1054,Bãi Cháy,2019,6,274.9
1055,Nam Định,2019,6,101.3
1056,Vinh,2019,6,10.7
1057,Huế,2019,6,4.5
1058,Đà Nẵng,2019,6,11.2
1060,Pleiku,2019,6,282.0
1061,Đà Lạt,2019,6,55.6
1062,Nha Trang,2019,6,12.8
1063,Vũng Tàu,2019,6,199.6
1064,Cà Mau,2019,6,444.8
1065,Lai Châu,2018,6,526.2
1066,Sơn La,2018,6,313.0
1067,Tuyên Quang,2018,6,133.0
1068,Hà Nội,2018,6,188.5
1069,Bãi Cháy,2018,6,309.4
1070,Nam Định,2018,6,86.6
1071,Vinh,2018,6,81.1
1072,Huế,2018,6,161.9
1073,Đà Nẵng,2018,6,150.7
1074,Qui Nhơn,2018,6,103.7
1075,Pleiku,2018,6,531.0
1076,Đà Lạt,2018,6,166.3
1077,Nha Trang,2018,6,81.0
1078,Vũng Tàu,2018,6,222.9
1079,Cà Mau,2018,6,238.8
1080,Lai Châu,2017,6,637.6
1081,Sơn La,2017,6,136.2
1082,Tuyên Quang,2017,6,476.5
1083,Hà Nội,2017,6,212.9
1084,Bãi Cháy,2017,6,351.7
1085,Nam Định,2017,6,251.0
1086,Vinh,2017,6,49.9
1087,Huế,2017,6,106.4
1088,Đà Nẵng,2017,6,33.6
1089,Qui Nhơn,2017,6,20.9
1090,Pleiku,2017,6,216.2
1091,Đà Lạt,2017,6,104.7
1092,Nha Trang,2017,6,39.5
1093,Vũng Tàu,2017,6,352.5
1094,Cà Mau,2017,6,148.6
1095,Lai Châu,2016,6,446.3
1096,Sơn La,2016,6,166.0
1097,Tuyên Quang,2016,6,74.1
1098,Hà Nội,2016,6,95.1
1099,Bãi Cháy,2016,6,211.5
1100,Nam Định,2016,6,92.0
1101,Vinh,2016,6,9.7
1102,Huế,2016,6,102.4
1103,Đà Nẵng,2016,6,47.0
1104,Qui Nhơn,2016,6,47.7
1105,Pleiku,2016,6,195.1
1106,Đà Lạt,2016,6,226.8
1107,Nha Trang,2016,6,87.9
1108,Vũng Tàu,2016,6,211.2
1109,Cà Mau,2016,6,230.8
1110,Lai Châu,2015,6,393.0
1111,Sơn La,2015,6,359.8
1112,Tuyên Quang,2015,6,227.4
1113,Hà Nội,2015,6,241.1
1114,Bãi Cháy,2015,6,255.9
1115,Nam Định,2015,6,146.0
1116,Vinh,2015,6,121.0
1117,Huế,2015,6,33.8
1118,Đà Nẵng,2015,6,24.8
1119,Qui Nhơn,2015,6,17.7
1120,Pleiku,2015,6,371.4
1121,Đà Lạt,2015,6,259.6
1122,Nha Trang,2015,6,22.4
1123,Vũng Tàu,2015,6,253.5
1124,Cà Mau,2015,6,466.6
1125,Lai Châu,2014,6,442.2
1126,Sơn La,2014,6,252.1
1127,Tuyên Quang,2014,6,149.0
1128,Hà Nội,2014,6,221.7
1129,Bãi Cháy,2014,6,296.4
1130,Nam Định,2014,6,218.5
1131,Vinh,2014,6,272.7
1132,Huế,2014,6,6.7
1133,Đà Nẵng,2014,6,82.4
1134,Qui Nhơn,2014,6,1.2
1135,Pleiku,2014,6,333.9
1136,Đà Lạt,2014,6,184.2
1137,Nha Trang,2014,6,7.5
1138,Vũng Tàu,2014,6,320.4
1139,Cà Mau,2014,6,190.3
1140,Lai Châu,2013,6,478.7
1141,Sơn La,2013,6,201.4
1142,Tuyên Quang,2013,6,194.0
1143,Hà Nội,2013,6,216.7
1144,Bãi Cháy,2013,6,368.2
1145,Nam Định,2013,6,151.7
1146,Vinh,2013,6,328.4
1147,Huế,2013,6,96.0
1148,Đà Nẵng,2013,6,25.2
1149,Qui Nhơn,2013,6,40.7
1150,Pleiku,2013,6,239.2
1151,Đà Lạt,2013,6,356.1
1152,Nha Trang,2013,6,148.8
1153,Vũng Tàu,2013,6,192.1
1154,Cà Mau,2013,6,291.6
1155,Lai Châu,2012,6,481.8
1156,Sơn La,2012,6,122.3
1157,Tuyên Quang,2012,6,162.5
1158,Hà Nội,2012,6,268.9
1159,Bãi Cháy,2012,6,121.9
1160,Nam Định,2012,6,208.5
1161,Vinh,2012,6,125.1
1162,Huế,2012,6,20.4
1163,Đà Nẵng,2012,6,46.1
1164,Qui Nhơn,2012,6,51.2
1165,Pleiku,2012,6,526.1
1166,Đà Lạt,2012,6,127.1
1167,Nha Trang,2012,6,24.3
1168,Vũng Tàu,2012,6,141.3
1169,Cà Mau,2012,6,166.3
1170,Lai Châu,2011,6,459.1
1171,Sơn La,2011,6,190.9
1172,Tuyên Quang,2011,6,181.5
1173,Hà Nội,2011,6,395.5
1174,Bãi Cháy,2011,6,289.2
1175,Nam Định,2011,6,212.6
1176,Vinh,2011,6,93.2
1177,Huế,2011,6,88.1
1178,Đà Nẵng,2011,6,100.5
1179,Qui Nhơn,2011,6,14.8
1180,Pleiku,2011,6,433.7
1181,Đà Lạt,2011,6,279.6
1182,Nha Trang,2011,6,17.0
1183,Vũng Tàu,2011,6,120.8
1184,Cà Mau,2011,6,369.8
1185,Lai Châu,2010,6,336.5
1186,Sơn La,2010,6,98.1
1187,Tuyên Quang,2010,6,202.0
1188,Hà Nội,2010,6,175.4
1189,Bãi Cháy,2010,6,342.7
1190,Nam Định,2010,6,122.5
1191,Vinh,2010,6,70.6
1192,Huế,2010,6,119.3
1193,Đà Nẵng,2010,6,76.1
1194,Qui Nhơn,2010,6,54.2
1195,Pleiku,2010,6,128.5
1196,Đà Lạt,2010,6,162.9
1197,Nha Trang,2010,6,9.9
1198,Vũng Tàu,2010,6,96.7
1199,Cà Mau,2010,6,169.3
1200,Lai Châu,2009,6,254.5
1201,Sơn La,2009,6,153.0
1202,Tuyên Quang,2009,6,202.0
1203,Hà Nội,2009,6,242.4
1204,Bãi Cháy,2009,6,213.1
1205,Nam Định,2009,6,180.6
1206,Vinh,2009,6,3.5
1207,Huế,2009,6,106.0
1208,Đà Nẵng,2009,6,36.2
1209,Qui Nhơn,2009,6,48.4
1210,Pleiku,2009,6,128.5
1211,Đà Lạt,2009,6,162.9
1212,Nha Trang,2009,6,46.8
1213,Vũng Tàu,2009,6,96.7
1214,Cà Mau,2009,6,169.3
1215,Lai Châu,2008,6,628.0
1216,Sơn La,2008,6,337.0
1217,Tuyên Quang,2008,6,132.0
1218,Hà Nội,2008,6,234.0
1219,Bãi Cháy,2008,6,380.0
1220,Nam Định,2008,6,220.0
1221,Vinh,2008,6,42.0
1222,Huế,2008,6,24.0
1223,Đà Nẵng,2008,6,36.0
1224,Qui Nhơn,2008,6,23.0
1225,Pleiku,2008,6,69.0
1226,Đà Lạt,2008,6,60.0
1227,Nha Trang,2008,6,18.0
1228,Vũng Tàu,2008,6,285.0
1229,Cà Mau,2008,6,381.0
1230,Lai Châu,2007,6,479.0
1231,Sơn La,2007,6,176.0
1232,Tuyên Quang,2007,6,163.0
1233,Hà Nội,2007,6,211.0
1234,Bãi Cháy,2007,6,297.0
1235,Nam Định,2007,6,60.0
1236,Vinh,2007,6,9.0
1237,Huế,2007,6,17.0
1238,Đà Nẵng,2007,6,7.0
1239,Qui Nhơn,2007,6,28.0
1240,Pleiku,2007,6,209.0
1241,Đà Lạt,2007,6,147.0
1242,Nha Trang,2007,6,49.0
1243,Vũng Tàu,2007,6,314.0
1244,Cà Mau,2007,6,322.0
1245,Lai Châu,2006,6,402.0
1246,Sơn La,2006,6,223.0
1247,Tuyên Quang,2006,6,115.0
1248,Hà Nội,2006,6,97.0
1249,Bãi Cháy,2006,6,198.0
1250,Nam Định,2006,6,124.0
1251,Vinh,2006,6,57.0
1252,Huế,2006,6,13.0
1253,Đà Nẵng,2006,6,2.0
1254,Qui Nhơn,2006,6,30.0
1255,Pleiku,2006,6,202.0
1256,Đà Lạt,2006,6,166.0
1257,Nha Trang,2006,6,5.0
1258,Vũng Tàu,2006,6,249.0
1259,Cà Mau,2006,6,324.0
1260,Lai Châu,2019,7,507.8
1261,Sơn La,2019,7,254.2
1262,Tuyên Quang,2019,7,145.5
1263,Hà Nội,2019,7,135.8
1264,Bãi Cháy,2019,7,277.2
1265,Nam Định,2019,7,73.5
1266,Vinh,2019,7,185.0
1267,Huế,2019,7,80.7
1268,Đà Nẵng,2019,7,65.1
1269,Qui Nhơn,2019,7,43.4
1270,Pleiku,2019,7,272.1
1271,Đà Lạt,2019,7,106.7
1272,Nha Trang,2019,7,27.8
1273,Vũng Tàu,2019,7,149.4
1274,Cà Mau,2019,7,242.2
1275,Lai Châu,2018,7,330.3
1276,Sơn La,2018,7,179.7
1277,Tuyên Quang,2018,7,364.4
1278,Hà Nội,2018,7,428.1
1279,Bãi Cháy,2018,7,844.7
1280,Nam Định,2018,7,510.9
1281,Vinh,2018,7,697.5
1282,Huế,2018,7,158.1
1283,Đà Nẵng,2018,7,184.4
1284,Qui Nhơn,2018,7,14.0
1285,Pleiku,2018,7,581.6
1286,Đà Lạt,2018,7,179.9
1287,Nha Trang,2018,7,19.0
1288,Vũng Tàu,2018,7,180.8
1289,Cà Mau,2018,7,522.9
1290,Lai Châu,2017,7,639.8
1291,Sơn La,2017,7,227.5
1292,Tuyên Quang,2017,7,512.5
1293,Hà Nội,2017,7,449.1
1294,Bãi Cháy,2017,7,623.1
1295,Nam Định,2017,7,393.0
1296,Vinh,2017,7,383.5
1297,Huế,2017,7,359.3
1298,Đà Nẵng,2017,7,248.2
1299,Qui Nhơn,2017,7,70.1
1300,Pleiku,2017,7,528.9
1301,Đà Lạt,2017,7,288.5
1302,Nha Trang,2017,7,42.2
1303,Vũng Tàu,2017,7,226.1
1304,Cà Mau,2017,7,251.4
1305,Lai Châu,2016,7,422.7
1306,Sơn La,2016,7,154.5
1307,Tuyên Quang,2016,7,312.0
1308,Hà Nội,2016,7,280.4
1309,Bãi Cháy,2016,7,567.5
1310,Nam Định,2016,7,296.7
1311,Vinh,2016,7,114.5
1312,Huế,2016,7,84.4
1313,Đà Nẵng,2016,7,54.3
1314,Qui Nhơn,2016,7,4.7
1315,Pleiku,2016,7,141.6
1316,Đà Lạt,2016,7,209.4
1317,Nha Trang,2016,7,29.7
1318,Vũng Tàu,2016,7,136.7
1319,Cà Mau,2016,7,432.2
1320,Lai Châu,2015,7,456.7
1321,Sơn La,2015,7,429.5
1322,Tuyên Quang,2015,7,297.3
1323,Hà Nội,2015,7,96.8
1324,Bãi Cháy,2015,7,900.5
1325,Nam Định,2015,7,113.8
1326,Vinh,2015,7,90.1
1327,Huế,2015,7,69.0
1328,Đà Nẵng,2015,7,36.8
1329,Qui Nhơn,2015,7,51.8
1330,Pleiku,2015,7,417.8
1331,Đà Lạt,2015,7,285.1
1332,Nha Trang,2015,7,22.9
1333,Vũng Tàu,2015,7,302.1
1334,Cà Mau,2015,7,200.7
1335,Lai Châu,2014,7,467.1
1336,Sơn La,2014,7,299.8
1337,Tuyên Quang,2014,7,173.4
1338,Hà Nội,2014,7,357.3
1339,Bãi Cháy,2014,7,515.0
1340,Nam Định,2014,7,274.4
1341,Vinh,2014,7,110.7
1342,Huế,2014,7,224.7
1343,Đà Nẵng,2014,7,183.6
1344,Qui Nhơn,2014,7,37.0
1345,Pleiku,2014,7,386.6
1346,Đà Lạt,2014,7,269.8
1347,Nha Trang,2014,7,98.2
1348,Vũng Tàu,2014,7,352.3
1349,Cà Mau,2014,7,388.6
1350,Lai Châu,2013,7,470.1
1351,Sơn La,2013,7,369.4
1352,Tuyên Quang,2013,7,364.2
1353,Hà Nội,2013,7,305.9
1354,Bãi Cháy,2013,7,769.6
1355,Nam Định,2013,7,423.8
1356,Vinh,2013,7,175.4
1357,Huế,2013,7,117.9
1358,Đà Nẵng,2013,7,131.5
1359,Qui Nhơn,2013,7,207.9
1360,Pleiku,2013,7,328.8
1361,Đà Lạt,2013,7,194.2
1362,Nha Trang,2013,7,75.1
1363,Vũng Tàu,2013,7,229.9
1364,Cà Mau,2013,7,258.4
1365,Lai Châu,2012,7,668.3
1366,Sơn La,2012,7,299.9
1367,Tuyên Quang,2012,7,687.2
1368,Hà Nội,2012,7,388.3
1369,Bãi Cháy,2012,7,425.9
1370,Nam Định,2012,7,263.5
1371,Vinh,2012,7,84.9
1372,Huế,2012,7,25.4
1373,Đà Nẵng,2012,7,32.0
1374,Qui Nhơn,2012,7,114.2
1375,Pleiku,2012,7,454.2
1376,Đà Lạt,2012,7,215.3
1377,Nha Trang,2012,7,151.1
1378,Vũng Tàu,2012,7,198.0
1379,Cà Mau,2012,7,288.5
1380,Lai Châu,2011,7,305.9
1381,Sơn La,2011,7,215.4
1382,Tuyên Quang,2011,7,209.1
1383,Hà Nội,2011,7,254.4
1384,Bãi Cháy,2011,7,318.6
1385,Nam Định,2011,7,288.4
1386,Vinh,2011,7,378.0
1387,Huế,2011,7,16.0
1388,Đà Nẵng,2011,7,12.8
1389,Qui Nhơn,2011,7,84.8
1390,Pleiku,2011,7,372.9
1391,Đà Lạt,2011,7,270.0
1392,Nha Trang,2011,7,110.3
1393,Vũng Tàu,2011,7,258.4
1394,Cà Mau,2011,7,298.1
1395,Lai Châu,2010,7,309.9
1396,Sơn La,2010,7,174.0
1397,Tuyên Quang,2010,7,233.9
1398,Hà Nội,2010,7,280.4
1399,Bãi Cháy,2010,7,174.5
1400,Nam Định,2010,7,311.5
1401,Vinh,2010,7,110.2
1402,Huế,2010,7,66.0
1403,Đà Nẵng,2010,7,245.2
1404,Qui Nhơn,2010,7,125.9
1405,Pleiku,2010,7,652.4
1406,Đà Lạt,2010,7,219.5
1407,Nha Trang,2010,7,59.9
1408,Vũng Tàu,2010,7,203.3
1409,Cà Mau,2010,7,413.5
1410,Lai Châu,2009,7,555.2
1411,Sơn La,2009,7,228.5
1412,Tuyên Quang,2009,7,233.9
1413,Hà Nội,2009,7,550.5
1414,Bãi Cháy,2009,7,320.6
1415,Nam Định,2009,7,325.6
1416,Vinh,2009,7,108.5
1417,Huế,2009,7,78.5
1418,Đà Nẵng,2009,7,186.5
1419,Qui Nhơn,2009,7,57.4
1420,Pleiku,2009,7,652.4
1421,Đà Lạt,2009,7,219.5
1422,Nha Trang,2009,7,35.3
1423,Vũng Tàu,2009,7,203.3
1424,Cà Mau,2009,7,413.5
1425,Lai Châu,2008,7,639.0
1426,Sơn La,2008,7,410.0
1427,Tuyên Quang,2008,7,210.0
1428,Hà Nội,2008,7,424.0
1429,Bãi Cháy,2008,7,206.0
1430,Nam Định,2008,7,214.0
1431,Vinh,2008,7,53.0
1432,Huế,2008,7,26.0
1433,Đà Nẵng,2008,7,48.0
1434,Qui Nhơn,2008,7,27.0
1435,Pleiku,2008,7,187.0
1436,Đà Lạt,2008,7,201.0
1437,Nha Trang,2008,7,31.0
1438,Vũng Tàu,2008,7,202.0
1439,Cà Mau,2008,7,332.0
1440,Lai Châu,2007,7,780.0
1441,Sơn La,2007,7,290.0
1442,Tuyên Quang,2007,7,231.0
1443,Hà Nội,2007,7,286.0
1444,Bãi Cháy,2007,7,410.0
1445,Nam Định,2007,7,217.0
1446,Vinh,2007,7,44.0
1447,Huế,2007,7,63.0
1448,Đà Nẵng,2007,7,24.0
1449,Qui Nhơn,2007,7,5.0
1450,Pleiku,2007,7,444.0
1451,Đà Lạt,2007,7,206.0
1452,Nha Trang,2007,7,17.0
1453,Vũng Tàu,2007,7,210.0
1454,Cà Mau,2007,7,421.0
1455,Lai Châu,2006,7,378.0
1456,Sơn La,2006,7,262.0
1457,Tuyên Quang,2006,7,459.0
1458,Hà Nội,2006,7,247.0
1459,Bãi Cháy,2006,7,464.0
1460,Nam Định,2006,7,186.0
1461,Vinh,2006,7,171.0
1462,Huế,2006,7,54.0
1463,Đà Nẵng,2006,7,127.0
1464,Qui Nhơn,2006,7,70.0
1465,Pleiku,2006,7,649.0
1466,Đà Lạt,2006,7,165.0
1467,Nha Trang,2006,7,7.0
1468,Vũng Tàu,2006,7,219.0
1469,Cà Mau,2006,7,475.0
1470,Lai Châu,2019,8,169.9
1471,Sơn La,2019,8,141.6
1472,Tuyên Quang,2019,8,256.7
1473,Hà Nội,2019,8,488.6
1474,Bãi Cháy,2019,8,350.0
1475,Nam Định,2019,8,421.2
1476,Vinh,2019,8,169.6
1477,Huế,2019,8,213.6
1478,Đà Nẵng,2019,8,174.0
1479,Qui Nhơn,2019,8,54.5
1480,Pleiku,2019,8,552.4
1481,Đà Lạt,2019,8,284.0
1482,Nha Trang,2019,8,23.9
1483,Vũng Tàu,2019,8,225.1
1484,Cà Mau,2019,8,464.5
1485,Lai Châu,2018,8,426.4
1486,Sơn La,2018,8,399.2
1487,Tuyên Quang,2018,8,278.5
1488,Hà Nội,2018,8,313.4
1489,Bãi Cháy,2018,8,422.0
1490,Nam Định,2018,8,375.3
1491,Vinh,2018,8,135.6
1492,Huế,2018,8,22.5
1493,Đà Nẵng,2018,8,55.4
1494,Qui Nhơn,2018,8,51.1
1495,Pleiku,2018,8,651.8
1496,Đà Lạt,2018,8,188.1
1497,Nha Trang,2018,8,16.0
1498,Vũng Tàu,2018,8,168.6
1499,Cà Mau,2018,8,288.8
1500,Lai Châu,2017,8,566.8
1501,Sơn La,2017,8,319.5
1502,Tuyên Quang,2017,8,455.2
1503,Hà Nội,2017,8,283.2
1504,Bãi Cháy,2017,8,646.0
1505,Nam Định,2017,8,375.5
1506,Vinh,2017,8,267.5
1507,Huế,2017,8,133.9
1508,Đà Nẵng,2017,8,178.7
1509,Qui Nhơn,2017,8,146.5
1510,Pleiku,2017,8,255.6
1511,Đà Lạt,2017,8,294.6
1512,Nha Trang,2017,8,46.3
1513,Vũng Tàu,2017,8,166.6
1514,Cà Mau,2017,8,383.1
1515,Lai Châu,2016,8,236.3
1516,Sơn La,2016,8,286.1
1517,Tuyên Quang,2016,8,306.9
1518,Hà Nội,2016,8,534.5
1519,Bãi Cháy,2016,8,497.4
1520,Nam Định,2016,8,446.2
1521,Vinh,2016,8,177.3
1522,Huế,2016,8,165.9
1523,Đà Nẵng,2016,8,145.0
1524,Qui Nhơn,2016,8,183.4
1525,Pleiku,2016,8,448.7
1526,Đà Lạt,2016,8,83.0
1527,Nha Trang,2016,8,82.2
1528,Vũng Tàu,2016,8,226.7
1529,Cà Mau,2016,8,271.9
1530,Lai Châu,2015,8,272.8
1531,Sơn La,2015,8,258.9
1532,Tuyên Quang,2015,8,240.9
1533,Hà Nội,2015,8,354.2
1534,Bãi Cháy,2015,8,399.6
1535,Nam Định,2015,8,271.6
1536,Vinh,2015,8,50.0
1537,Huế,2015,8,51.7
1538,Đà Nẵng,2015,8,190.9
1539,Qui Nhơn,2015,8,85.2
1540,Pleiku,2015,8,229.4
1541,Đà Lạt,2015,8,225.2
1542,Nha Trang,2015,8,1.4
1543,Vũng Tàu,2015,8,194.6
1544,Cà Mau,2015,8,250.6
1545,Lai Châu,2014,8,398.1
1546,Sơn La,2014,8,311.5
1547,Tuyên Quang,2014,8,406.0
1548,Hà Nội,2014,8,314.7
1549,Bãi Cháy,2014,8,435.4
1550,Nam Định,2014,8,246.4
1551,Vinh,2014,8,168.5
1552,Huế,2014,8,135.6
1553,Đà Nẵng,2014,8,180.8
1554,Qui Nhơn,2014,8,108.4
1555,Pleiku,2014,8,521.5
1556,Đà Lạt,2014,8,284.5
1557,Nha Trang,2014,8,130.8
1558,Vũng Tàu,2014,8,141.9
1559,Cà Mau,2014,8,341.7
1560,Lai Châu,2013,8,458.9
1561,Sơn La,2013,8,353.6
1562,Tuyên Quang,2013,8,376.6
1563,Hà Nội,2013,8,541.4
1564,Bãi Cháy,2013,8,509.0
1565,Nam Định,2013,8,332.7
1566,Vinh,2013,8,152.6
1567,Huế,2013,8,39.3
1568,Đà Nẵng,2013,8,80.7
1569,Qui Nhơn,2013,8,100.5
1570,Pleiku,2013,8,453.7
1571,Đà Lạt,2013,8,139.2
1572,Nha Trang,2013,8,92.5
1573,Vũng Tàu,2013,8,270.4
1574,Cà Mau,2013,8,288.3
1575,Lai Châu,2012,8,165.8
1576,Sơn La,2012,8,344.9
1577,Tuyên Quang,2012,8,367.8
1578,Hà Nội,2012,8,478.1
1579,Bãi Cháy,2012,8,348.0
1580,Nam Định,2012,8,328.4
1581,Vinh,2012,8,140.4
1582,Huế,2012,8,168.9
1583,Đà Nẵng,2012,8,180.5
1584,Qui Nhơn,2012,8,103.2
1585,Pleiku,2012,8,392.4
1586,Đà Lạt,2012,8,129.4
1587,Nha Trang,2012,8,29.6
1588,Vũng Tàu,2012,8,156.7
1589,Cà Mau,2012,8,218.4
1590,Lai Châu,2011,8,216.0
1591,Sơn La,2011,8,167.8
1592,Tuyên Quang,2011,8,229.2
1593,Hà Nội,2011,8,313.2
1594,Bãi Cháy,2011,8,356.2
1595,Nam Định,2011,8,284.9
1596,Vinh,2011,8,40.3
1597,Huế,2011,8,59.3
1598,Đà Nẵng,2011,8,139.1
1599,Qui Nhơn,2011,8,36.6
1600,Pleiku,2011,8,381.3
1601,Đà Lạt,2011,8,262.0
1602,Nha Trang,2011,8,132.0
1603,Vũng Tàu,2011,8,144.3
1604,Cà Mau,2011,8,236.8
1605,Lai Châu,2010,8,179.2
1606,Sơn La,2010,8,190.6
1607,Tuyên Quang,2010,8,165.8
1608,Hà Nội,2010,8,274.4
1609,Bãi Cháy,2010,8,537.5
1610,Nam Định,2010,8,428.2
1611,Vinh,2010,8,866.2
1612,Huế,2010,8,510.4
1613,Đà Nẵng,2010,8,326.3
1614,Qui Nhơn,2010,8,140.3
1615,Pleiku,2010,8,566.5
1616,Đà Lạt,2010,8,199.7
1617,Nha Trang,2010,8,62.5
1618,Vũng Tàu,2010,8,71.7
1619,Cà Mau,2010,8,210.1
1620,Lai Châu,2009,8,256.5
1621,Sơn La,2009,8,231.7
1622,Tuyên Quang,2009,8,165.8
1623,Hà Nội,2009,8,215.7
1624,Bãi Cháy,2009,8,177.3
1625,Nam Định,2009,8,146.7
1626,Vinh,2009,8,339.9
1627,Huế,2009,8,99.0
1628,Đà Nẵng,2009,8,152.8
1629,Qui Nhơn,2009,8,54.3
1630,Pleiku,2009,8,566.5
1631,Đà Lạt,2009,8,199.7
1632,Nha Trang,2009,8,40.9
1633,Vũng Tàu,2009,8,71.7
1634,Cà Mau,2009,8,210.1
1635,Lai Châu,2008,8,366.0
1636,Sơn La,2008,8,246.0
1637,Tuyên Quang,2008,8,362.0
1638,Hà Nội,2008,8,305.0
1639,Bãi Cháy,2008,8,558.0
1640,Nam Định,2008,8,338.0
1641,Vinh,2008,8,165.0
1642,Huế,2008,8,64.0
1643,Đà Nẵng,2008,8,57.0
1644,Qui Nhơn,2008,8,76.0
1645,Pleiku,2008,8,414.0
1646,Đà Lạt,2008,8,211.0
1647,Nha Trang,2008,8,80.0
1648,Vũng Tàu,2008,8,203.0
1649,Cà Mau,2008,8,260.0
1650,Lai Châu,2007,8,304.0
1651,Sơn La,2007,8,174.0
1652,Tuyên Quang,2007,8,175.0
1653,Hà Nội,2007,8,330.0
1654,Bãi Cháy,2007,8,129.0
1655,Nam Định,2007,8,162.0
1656,Vinh,2007,8,637.0
1657,Huế,2007,8,261.0
1658,Đà Nẵng,2007,8,152.0
1659,Qui Nhơn,2007,8,311.0
1660,Pleiku,2007,8,522.0
1661,Đà Lạt,2007,8,530.0
1662,Nha Trang,2007,8,51.0
1663,Vũng Tàu,2007,8,297.0
1664,Cà Mau,2007,8,371.0
1665,Lai Châu,2006,8,291.0
1666,Sơn La,2006,8,305.0
1667,Tuyên Quang,2006,8,455.0
1668,Hà Nội,2006,8,354.0
1669,Bãi Cháy,2006,8,666.0
1670,Nam Định,2006,8,327.0
1671,Vinh,2006,8,547.0
1672,Huế,2006,8,476.0
1673,Đà Nẵng,2006,8,346.0
1674,Qui Nhơn,2006,8,46.0
1675,Pleiku,2006,8,526.0
1676,Đà Lạt,2006,8,281.0
1677,Nha Trang,2006,8,68.0
1678,Vũng Tàu,2006,8,190.0
1679,Cà Mau,2006,8,450.0
1680,Lai Châu,2019,9,86.8
1681,Sơn La,2019,9,24.5
1682,Tuyên Quang,2019,9,132.7
1683,Hà Nội,2019,9,113.5
1684,Bãi Cháy,2019,9,33.0
1685,Nam Định,2019,9,142.8
1686,Vinh,2019,9,1022.0
1687,Huế,2019,9,584.5
1688,Đà Nẵng,2019,9,307.7
1689,Qui Nhơn,2019,9,347.2
1690,Pleiku,2019,9,472.4
1691,Đà Lạt,2019,9,372.4
1692,Nha Trang,2019,9,170.8
1693,Vũng Tàu,2019,9,158.3
1694,Cà Mau,2019,9,302.5
1695,Lai Châu,2018,9,322.9
1696,Sơn La,2018,9,78.7
1697,Tuyên Quang,2018,9,154.7
1698,Hà Nội,2018,9,229.7
1699,Bãi Cháy,2018,9,415.5
1700,Nam Định,2018,9,189.7
1701,Vinh,2018,9,229.7
1702,Huế,2018,9,216.7
1703,Đà Nẵng,2018,9,139.6
1704,Qui Nhơn,2018,9,235.5
1705,Pleiku,2018,9,223.0
1706,Đà Lạt,2018,9,357.8
1707,Nha Trang,2018,9,186.5
1708,Vũng Tàu,2018,9,334.9
1709,Cà Mau,2018,9,293.7
1710,Lai Châu,2017,9,284.6
1711,Sơn La,2017,9,105.4
1712,Tuyên Quang,2017,9,261.7
1713,Hà Nội,2017,9,266.9
1714,Bãi Cháy,2017,9,264.1
1715,Nam Định,2017,9,388.8
1716,Vinh,2017,9,300.7
1717,Huế,2017,9,216.5
1718,Đà Nẵng,2017,9,198.0
1719,Qui Nhơn,2017,9,100.6
1720,Pleiku,2017,9,230.0
1721,Đà Lạt,2017,9,270.9
1722,Nha Trang,2017,9,72.3
1723,Vũng Tàu,2017,9,200.9
1724,Cà Mau,2017,9,291.5
1725,Lai Châu,2016,9,281.6
1726,Sơn La,2016,9,129.4
1727,Tuyên Quang,2016,9,86.7
1728,Hà Nội,2016,9,178.5
1729,Bãi Cháy,2016,9,213.8
1730,Nam Định,2016,9,220.9
1731,Vinh,2016,9,741.4
1732,Huế,2016,9,661.9
1733,Đà Nẵng,2016,9,783.3
1734,Qui Nhơn,2016,9,192.4
1735,Pleiku,2016,9,524.0
1736,Đà Lạt,2016,9,498.7
1737,Nha Trang,2016,9,123.6
1738,Vũng Tàu,2016,9,165.6
1739,Cà Mau,2016,9,345.0
1740,Lai Châu,2015,9,188.9
1741,Sơn La,2015,9,266.2
1742,Tuyên Quang,2015,9,303.4
1743,Hà Nội,2015,9,345.4
1744,Bãi Cháy,2015,9,277.7
1745,Nam Định,2015,9,348.6
1746,Vinh,2015,9,368.1
1747,Huế,2015,9,246.6
1748,Đà Nẵng,2015,9,416.0
1749,Qui Nhơn,2015,9,77.7
1750,Pleiku,2015,9,277.4
1751,Đà Lạt,2015,9,252.9
1752,Nha Trang,2015,9,49.0
1753,Vũng Tàu,2015,9,161.5
1754,Cà Mau,2015,9,645.3
1755,Lai Châu,2014,9,180.8
1756,Sơn La,2014,9,114.6
1757,Tuyên Quang,2014,9,172.7
1758,Hà Nội,2014,9,237.3
1759,Bãi Cháy,2014,9,299.0
1760,Nam Định,2014,9,288.3
1761,Vinh,2014,9,194.6
1762,Huế,2014,9,44.9
1763,Đà Nẵng,2014,9,111.5
1764,Qui Nhơn,2014,9,244.1
1765,Pleiku,2014,9,329.0
1766,Đà Lạt,2014,9,341.5
1767,Nha Trang,2014,9,52.9
1768,Vũng Tàu,2014,9,194.3
1769,Cà Mau,2014,9,273.3
1770,Lai Châu,2013,9,171.2
1771,Sơn La,2013,9,120.4
1772,Tuyên Quang,2013,9,195.9
1773,Hà Nội,2013,9,374.3
1774,Bãi Cháy,2013,9,379.1
1775,Nam Định,2013,9,378.6
1776,Vinh,2013,9,831.7
1777,Huế,2013,9,569.0
1778,Đà Nẵng,2013,9,750.8
1779,Qui Nhơn,2013,9,182.6
1780,Pleiku,2013,9,533.7
1781,Đà Lạt,2013,9,389.7
1782,Nha Trang,2013,9,248.9
1783,Vũng Tàu,2013,9,220.7
1784,Cà Mau,2013,9,233.0
1785,Lai Châu,2012,9,323.0
1786,Sơn La,2012,9,153.3
1787,Tuyên Quang,2012,9,184.9
1788,Hà Nội,2012,9,54.7
1789,Bãi Cháy,2012,9,162.7
1790,Nam Định,2012,9,320.2
1791,Vinh,2012,9,721.5
1792,Huế,2012,9,436.1
1793,Đà Nẵng,2012,9,581.7
1794,Qui Nhơn,2012,9,378.4
1795,Pleiku,2012,9,397.9
1796,Đà Lạt,2012,9,406.0
1797,Nha Trang,2012,9,444.6
1798,Vũng Tàu,2012,9,189.8
1799,Cà Mau,2012,9,533.3
1800,Lai Châu,2011,9,228.6
1801,Sơn La,2011,9,88.8
1802,Tuyên Quang,2011,9,266.5
1803,Hà Nội,2011,9,247.6
1804,Bãi Cháy,2011,9,389.3
1805,Nam Định,2011,9,477.7
1806,Vinh,2011,9,741.4
1807,Huế,2011,9,741.5
1808,Đà Nẵng,2011,9,812.1
1809,Qui Nhơn,2011,9,266.1
1810,Pleiku,2011,9,434.0
1811,Đà Lạt,2011,9,134.1
1812,Nha Trang,2011,9,163.2
1813,Vũng Tàu,2011,9,234.2
1814,Cà Mau,2011,9,593.8
1815,Lai Châu,2010,9,344.4
1816,Sơn La,2010,9,178.7
1817,Tuyên Quang,2010,9,137.3
1818,Hà Nội,2010,9,171.8
1819,Bãi Cháy,2010,9,282.5
1820,Nam Định,2010,9,174.1
1821,Vinh,2010,9,94.4
1822,Huế,2010,9,85.2
1823,Đà Nẵng,2010,9,166.1
1824,Qui Nhơn,2010,9,105.6
1825,Pleiku,2010,9,645.3
1826,Đà Lạt,2010,9,298.7
1827,Nha Trang,2010,9,132.6
1828,Vũng Tàu,2010,9,165.9
1829,Cà Mau,2010,9,488.3
1830,Lai Châu,2009,9,156.8
1831,Sơn La,2009,9,98.8
1832,Tuyên Quang,2009,9,137.3
1833,Hà Nội,2009,9,154.6
1834,Bãi Cháy,2009,9,296.7
1835,Nam Định,2009,9,316.9
1836,Vinh,2009,9,373.8
1837,Huế,2009,9,1288.6
1838,Đà Nẵng,2009,9,1375.7
1839,Qui Nhơn,2009,9,362.9
1840,Pleiku,2009,9,645.3
1841,Đà Lạt,2009,9,298.7
1842,Nha Trang,2009,9,207.8
1843,Vũng Tàu,2009,9,165.9
1844,Cà Mau,2009,9,488.3
1845,Lai Châu,2008,9,122.0
1846,Sơn La,2008,9,449.0
1847,Tuyên Quang,2008,9,263.0
1848,Hà Nội,2008,9,199.0
1849,Bãi Cháy,2008,9,332.0
1850,Nam Định,2008,9,245.0
1851,Vinh,2008,9,431.0
1852,Huế,2008,9,479.0
1853,Đà Nẵng,2008,9,230.0
1854,Qui Nhơn,2008,9,425.0
1855,Pleiku,2008,9,289.0
1856,Đà Lạt,2008,9,204.0
1857,Nha Trang,2008,9,308.0
1858,Vũng Tàu,2008,9,134.0
1859,Cà Mau,2008,9,429.0
1860,Lai Châu,2007,9,188.0
1861,Sơn La,2007,9,169.0
1862,Tuyên Quang,2007,9,208.0
1863,Hà Nội,2007,9,388.0
1864,Bãi Cháy,2007,9,268.0
1865,Nam Định,2007,9,179.0
1866,Vinh,2007,9,119.0
1867,Huế,2007,9,307.0
1868,Đà Nẵng,2007,9,253.0
1869,Qui Nhơn,2007,9,135.0
1870,Pleiku,2007,9,258.0
1871,Đà Lạt,2007,9,394.0
1872,Nha Trang,2007,9,168.0
1873,Vũng Tàu,2007,9,173.0
1874,Cà Mau,2007,9,307.0
1875,Lai Châu,2006,9,163.0
1876,Sơn La,2006,9,58.0
1877,Tuyên Quang,2006,9,94.0
1878,Hà Nội,2006,9,183.0
1879,Bãi Cháy,2006,9,80.0
1880,Nam Định,2006,9,102.0
1881,Vinh,2006,9,254.0
1882,Huế,2006,9,510.0
1883,Đà Nẵng,2006,9,394.0
1884,Qui Nhơn,2006,9,219.0
1885,Pleiku,2006,9,330.0
1886,Đà Lạt,2006,9,349.0
1887,Nha Trang,2006,9,158.0
1888,Vũng Tàu,2006,9,169.0
1889,Cà Mau,2006,9,374.0
1890,Lai Châu,2019,10,222.3
1891,Sơn La,2019,10,60.3
1892,Tuyên Quang,2019,10,155.1
1893,Hà Nội,2019,10,105.0
1894,Bãi Cháy,2019,10,92.1
1895,Nam Định,2019,10,150.8
1896,Vinh,2019,10,1163.7
1897,Huế,2019,10,333.3
1898,Đà Nẵng,2019,10,637.8
1899,Qui Nhơn,2019,10,622.5
1900,Pleiku,2019,10,185.3
1901,Đà Lạt,2019,10,164.7
1902,Nha Trang,2019,10,268.8
1903,Vũng Tàu,2019,10,80.3
1904,Cà Mau,2019,10,269.5
1905,Lai Châu,2018,10,188.1
1906,Sơn La,2018,10,63.9
1907,Tuyên Quang,2018,10,128.9
1908,Hà Nội,2018,10,94.4
1909,Bãi Cháy,2018,10,22.7
1910,Nam Định,2018,10,225.9
1911,Vinh,2018,10,69.3
1912,Huế,2018,10,267.2
1913,Đà Nẵng,2018,10,253.4
1914,Qui Nhơn,2018,10,476.7
1915,Pleiku,2018,10,35.4
1916,Đà Lạt,2018,10,141.3
1917,Nha Trang,2018,10,375.9
1918,Vũng Tàu,2018,10,232.0
1919,Cà Mau,2018,10,227.6
1920,Lai Châu,2017,10,160.0
1921,Sơn La,2017,10,76.4
1922,Tuyên Quang,2017,10,122.0
1923,Hà Nội,2017,10,259.7
1924,Bãi Cháy,2017,10,384.4
1925,Nam Định,2017,10,502.2
1926,Vinh,2017,10,850.1
1927,Huế,2017,10,384.5
1928,Đà Nẵng,2017,10,363.5
1929,Qui Nhơn,2017,10,399.1
1930,Pleiku,2017,10,165.9
1931,Đà Lạt,2017,10,272.7
1932,Nha Trang,2017,10,159.9
1933,Vũng Tàu,2017,10,362.2
1934,Cà Mau,2017,10,453.8
1935,Lai Châu,2016,10,45.6
1936,Sơn La,2016,10,32.0
1937,Tuyên Quang,2016,10,104.4
1938,Hà Nội,2016,10,45.0
1939,Bãi Cháy,2016,10,43.6
1940,Nam Định,2016,10,78.3
1941,Vinh,2016,10,563.9
1942,Huế,2016,10,618.6
1943,Đà Nẵng,2016,10,411.2
1944,Qui Nhơn,2016,10,385.9
1945,Pleiku,2016,10,229.1
1946,Đà Lạt,2016,10,377.7
1947,Nha Trang,2016,10,255.3
1948,Vũng Tàu,2016,10,373.6
1949,Cà Mau,2016,10,501.1
1950,Lai Châu,2015,10,202.7
1951,Sơn La,2015,10,86.0
1952,Tuyên Quang,2015,10,52.9
1953,Hà Nội,2015,10,99.7
1954,Bãi Cháy,2015,10,120.0
1955,Nam Định,2015,10,81.0
1956,Vinh,2015,10,159.6
1957,Huế,2015,10,457.6
1958,Đà Nẵng,2015,10,356.1
1959,Qui Nhơn,2015,10,140.5
1960,Pleiku,2015,10,148.0
1961,Đà Lạt,2015,10,334.1
1962,Nha Trang,2015,10,210.8
1963,Vũng Tàu,2015,10,241.3
1964,Cà Mau,2015,10,231.4
1965,Lai Châu,2014,10,120.2
1966,Sơn La,2014,10,29.0
1967,Tuyên Quang,2014,10,163.0
1968,Hà Nội,2014,10,119.4
1969,Bãi Cháy,2014,10,33.2
1970,Nam Định,2014,10,185.5
1971,Vinh,2014,10,472.9
1972,Huế,2014,10,694.6
1973,Đà Nẵng,2014,10,819.4
1974,Qui Nhơn,2014,10,480.9
1975,Pleiku,2014,10,255.3
1976,Đà Lạt,2014,10,256.2
1977,Nha Trang,2014,10,157.0
1978,Vũng Tàu,2014,10,208.3
1979,Cà Mau,2014,10,254.4
1980,Lai Châu,2013,10,44.6
1981,Sơn La,2013,10,22.4
1982,Tuyên Quang,2013,10,95.8
1983,Hà Nội,2013,10,61.2
1984,Bãi Cháy,2013,10,18.6
1985,Nam Định,2013,10,115.8
1986,Vinh,2013,10,526.2
1987,Huế,2013,10,517.1
1988,Đà Nẵng,2013,10,369.4
1989,Qui Nhơn,2013,10,428.5
1990,Pleiku,2013,10,325.4
1991,Đà Lạt,2013,10,129.5
1992,Nha Trang,2013,10,162.1
1993,Vũng Tàu,2013,10,113.7
1994,Cà Mau,2013,10,265.1
1995,Lai Châu,2012,10,243.2
1996,Sơn La,2012,10,48.7
1997,Tuyên Quang,2012,10,27.1
1998,Hà Nội,2012,10,77.5
1999,Bãi Cháy,2012,10,397.8
2000,Nam Định,2012,10,173.7
2001,Vinh,2012,10,60.7
2002,Huế,2012,10,409.2
2003,Đà Nẵng,2012,10,367.5
2004,Qui Nhơn,2012,10,177.3
2005,Pleiku,2012,10,126.3
2006,Đà Lạt,2012,10,155.7
2007,Nha Trang,2012,10,140.2
2008,Vũng Tàu,2012,10,97.7
2009,Cà Mau,2012,10,192.4
2010,Lai Châu,2011,10,120.6
2011,Sơn La,2011,10,47.0
2012,Tuyên Quang,2011,10,87.7
2013,Hà Nội,2011,10,177.6
2014,Bãi Cháy,2011,10,117.6
2015,Nam Định,2011,10,147.4
2016,Vinh,2011,10,341.1
2017,Huế,2011,10,1259.5
2018,Đà Nẵng,2011,10,791.3
2019,Qui Nhơn,2011,10,448.2
2020,Pleiku,2011,10,427.2
2021,Đà Lạt,2011,10,210.7
2022,Nha Trang,2011,10,354.9
2023,Vũng Tàu,2011,10,143.2
2024,Cà Mau,2011,10,187.4
2025,Lai Châu,2010,10,90.9
2026,Sơn La,2010,10,19.0
2027,Tuyên Quang,2010,10,32.1
2028,Hà Nội,2010,10,24.9
2029,Bãi Cháy,2010,10,10.1
2030,Nam Định,2010,10,56.2
2031,Vinh,2010,10,1290.3
2032,Huế,2010,10,1012.6
2033,Đà Nẵng,2010,10,656.3
2034,Qui Nhơn,2010,10,539.6
2035,Pleiku,2010,10,217.9
2036,Đà Lạt,2010,10,265.7
2037,Nha Trang,2010,10,968.1
2038,Vũng Tàu,2010,10,244.7
2039,Cà Mau,2010,10,208.0
2040,Lai Châu,2009,10,57.7
2041,Sơn La,2009,10,17.1
2042,Tuyên Quang,2009,10,32.1
2043,Hà Nội,2009,10,78.8
2044,Bãi Cháy,2009,10,120.4
2045,Nam Định,2009,10,65.9
2046,Vinh,2009,10,108.6
2047,Huế,2009,10,833.8
2048,Đà Nẵng,2009,10,455.8
2049,Qui Nhơn,2009,10,566.2
2050,Pleiku,2009,10,217.9
2051,Đà Lạt,2009,10,265.7
2052,Nha Trang,2009,10,168.2
2053,Vũng Tàu,2009,10,244.7
2054,Cà Mau,2009,10,208.0
2055,Lai Châu,2008,10,72.0
2056,Sơn La,2008,10,167.0
2057,Tuyên Quang,2008,10,183.0
2058,Hà Nội,2008,10,469.0
2059,Bãi Cháy,2008,10,20.0
2060,Nam Định,2008,10,241.0
2061,Vinh,2008,10,1038.0
2062,Huế,2008,10,1524.0
2063,Đà Nẵng,2008,10,1007.0
2064,Qui Nhơn,2008,10,520.0
2065,Pleiku,2008,10,140.0
2066,Đà Lạt,2008,10,205.0
2067,Nha Trang,2008,10,275.0
2068,Vũng Tàu,2008,10,195.0
2069,Cà Mau,2008,10,348.0
2070,Lai Châu,2007,10,4.0
2071,Sơn La,2007,10,69.0
2072,Tuyên Quang,2007,10,20.0
2073,Hà Nội,2007,10,145.0
2074,Bãi Cháy,2007,10,80.0
2075,Nam Định,2007,10,125.0
2076,Vinh,2007,10,495.0
2077,Huế,2007,10,1544.0
2078,Đà Nẵng,2007,10,1147.0
2079,Qui Nhơn,2007,10,673.0
2080,Pleiku,2007,10,327.0
2081,Đà Lạt,2007,10,208.0
2082,Nha Trang,2007,10,483.0
2083,Vũng Tàu,2007,10,117.0
2084,Cà Mau,2007,10,508.0
2085,Lai Châu,2006,10,42.0
2086,Sơn La,2006,10,39.0
2087,Tuyên Quang,2006,10,58.0
2088,Hà Nội,2006,10,28.0
2089,Bãi Cháy,2006,10,50.0
2090,Nam Định,2006,10,60.0
2091,Vinh,2006,10,518.0
2092,Huế,2006,10,406.0
2093,Đà Nẵng,2006,10,619.0
2094,Qui Nhơn,2006,10,191.0
2095,Pleiku,2006,10,202.0
2096,Đà Lạt,2006,10,309.0
2097,Nha Trang,2006,10,179.0
2098,Vũng Tàu,2006,10,252.0
2099,Cà Mau,2006,10,241.0
2100,Lai Châu,2019,11,7.0
2101,Sơn La,2019,11,3.3
2102,Tuyên Quang,2019,11,53.1
2103,Hà Nội,2019,11,44.4
2104,Bãi Cháy,2019,11,49.1
2105,Nam Định,2019,11,42.6
2106,Vinh,2019,11,253.0
2107,Huế,2019,11,376.6
2108,Đà Nẵng,2019,11,464.9
2109,Qui Nhơn,2019,11,438.5
2110,Pleiku,2019,11,43.4
2111,Đà Lạt,2019,11,167.5
2112,Nha Trang,2019,11,255.8
2113,Vũng Tàu,2019,11,145.7
2114,Cà Mau,2019,11,110.1
2115,Lai Châu,2018,11,83.9
2116,Sơn La,2018,11,45.6
2117,Tuyên Quang,2018,11,12.2
2118,Hà Nội,2018,11,28.2
2119,Bãi Cháy,2018,11,44.9
2120,Nam Định,2018,11,6.0
2121,Vinh,2018,11,92.3
2122,Huế,2018,11,484.5
2123,Đà Nẵng,2018,11,260.6
2124,Qui Nhơn,2018,11,462.0
2125,Pleiku,2018,11,6.4
2126,Đà Lạt,2018,11,231.0
2127,Nha Trang,2018,11,703.1
2128,Vũng Tàu,2018,11,234.3
2129,Cà Mau,2018,11,104.5
2130,Lai Châu,2017,11,136.1
2131,Sơn La,2017,11,10.2
2132,Tuyên Quang,2017,11,21.3
2133,Hà Nội,2017,11,19.4
2134,Bãi Cháy,2017,11,14.5
2135,Nam Định,2017,11,22.6
2136,Vinh,2017,11,62.0
2137,Huế,2017,11,1773.0
2138,Đà Nẵng,2017,11,776.6
2139,Qui Nhơn,2017,11,951.9
2140,Pleiku,2017,11,97.4
2141,Đà Lạt,2017,11,212.2
2142,Nha Trang,2017,11,400.1
2143,Vũng Tàu,2017,11,51.6
2144,Cà Mau,2017,11,121.3
2145,Lai Châu,2016,11,81.6
2146,Sơn La,2016,11,42.3
2147,Tuyên Quang,2016,11,40.5
2148,Hà Nội,2016,11,9.3
2149,Bãi Cháy,2016,11,18.1
2150,Nam Định,2016,11,7.8
2151,Vinh,2016,11,287.5
2152,Huế,2016,11,577.3
2153,Đà Nẵng,2016,11,336.8
2154,Qui Nhơn,2016,11,762.8
2155,Pleiku,2016,11,54.0
2156,Đà Lạt,2016,11,116.3
2157,Nha Trang,2016,11,399.4
2158,Vũng Tàu,2016,11,135.4
2159,Cà Mau,2016,11,183.6
2160,Lai Châu,2015,11,84.9
2161,Sơn La,2015,11,44.9
2162,Tuyên Quang,2015,11,424.1
2163,Hà Nội,2015,11,158.0
2164,Bãi Cháy,2015,11,41.2
2165,Nam Định,2015,11,100.7
2166,Vinh,2015,11,219.0
2167,Huế,2015,11,526.6
2168,Đà Nẵng,2015,11,328.2
2169,Qui Nhơn,2015,11,540.5
2170,Pleiku,2015,11,36.9
2171,Đà Lạt,2015,11,72.2
2172,Nha Trang,2015,11,794.0
2173,Vũng Tàu,2015,11,5.1
2174,Cà Mau,2015,11,272.4
2175,Lai Châu,2014,11,97.2
2176,Sơn La,2014,11,143.6
2177,Tuyên Quang,2014,11,88.9
2178,Hà Nội,2014,11,36.5
2179,Bãi Cháy,2014,11,43.9
2180,Nam Định,2014,11,66.5
2181,Vinh,2014,11,63.6
2182,Huế,2014,11,225.0
2183,Đà Nẵng,2014,11,288.1
2184,Qui Nhơn,2014,11,286.1
2185,Pleiku,2014,11,34.0
2186,Đà Lạt,2014,11,14.5
2187,Nha Trang,2014,11,196.9
2188,Vũng Tàu,2014,11,11.4
2189,Cà Mau,2014,11,291.3
2190,Lai Châu,2013,11,19.1
2191,Sơn La,2013,11,0.5
2192,Tuyên Quang,2013,11,13.9
2193,Hà Nội,2013,11,69.6
2194,Bãi Cháy,2013,11,196.8
2195,Nam Định,2013,11,91.3
2196,Vinh,2013,11,164.9
2197,Huế,2013,11,1089.0
2198,Đà Nẵng,2013,11,760.3
2199,Qui Nhơn,2013,11,426.5
2200,Pleiku,2013,11,116.6
2201,Đà Lạt,2013,11,175.2
2202,Nha Trang,2013,11,466.0
2203,Vũng Tàu,2013,11,110.0
2204,Cà Mau,2013,11,230.5
2205,Lai Châu,2012,11,146.5
2206,Sơn La,2012,11,44.9
2207,Tuyên Quang,2012,11,73.0
2208,Hà Nội,2012,11,34.8
2209,Bãi Cháy,2012,11,58.0
2210,Nam Định,2012,11,77.5
2211,Vinh,2012,11,230.0
2212,Huế,2012,11,489.1
2213,Đà Nẵng,2012,11,302.4
2214,Qui Nhơn,2012,11,229.2
2215,Pleiku,2012,11,19.1
2216,Đà Lạt,2012,11,68.9
2217,Nha Trang,2012,11,370.3
2218,Vũng Tàu,2012,11,11.1
2219,Cà Mau,2012,11,91.4
2220,Lai Châu,2011,11,30.2
2221,Sơn La,2011,11,5.7
2222,Tuyên Quang,2011,11,35.0
2223,Hà Nội,2011,11,31.8
2224,Bãi Cháy,2011,11,10.7
2225,Nam Định,2011,11,22.1
2226,Vinh,2011,11,343.8
2227,Huế,2011,11,842.4
2228,Đà Nẵng,2011,11,1218.0
2229,Qui Nhơn,2011,11,359.1
2230,Pleiku,2011,11,47.5
2231,Đà Lạt,2011,11,51.6
2232,Nha Trang,2011,11,144.5
2233,Vũng Tàu,2011,11,171.5
2234,Cà Mau,2011,11,242.9
2235,Lai Châu,2010,11,14.1
2236,Sơn La,2010,11,1.5
2237,Tuyên Quang,2010,11,7.7
2238,Hà Nội,2010,11,0.6
2239,Bãi Cháy,2010,11,1.0
2240,Nam Định,2010,11,0.0
2241,Vinh,2010,11,43.5
2242,Huế,2010,11,764.9
2243,Đà Nẵng,2010,11,549.2
2244,Qui Nhơn,2010,11,1511.2
2245,Pleiku,2010,11,89.3
2246,Đà Lạt,2010,11,77.6
2247,Nha Trang,2010,11,942.0
2248,Vũng Tàu,2010,11,22.7
2249,Cà Mau,2010,11,65.6
2250,Lai Châu,2009,11,13.0
2251,Sơn La,2009,11,0.4
2252,Tuyên Quang,2009,11,7.7
2253,Hà Nội,2009,11,1.2
2254,Bãi Cháy,2009,11,1.7
2255,Nam Định,2009,11,5.5
2256,Vinh,2009,11,61.1
2257,Huế,2009,11,331.5
2258,Đà Nẵng,2009,11,194.4
2259,Qui Nhơn,2009,11,475.1
2260,Pleiku,2009,11,89.3
2261,Đà Lạt,2009,11,77.6
2262,Nha Trang,2009,11,326.2
2263,Vũng Tàu,2009,11,22.7
2264,Cà Mau,2009,11,65.6
2265,Lai Châu,2008,11,180.0
2266,Sơn La,2008,11,136.0
2267,Tuyên Quang,2008,11,158.0
2268,Hà Nội,2008,11,259.0
2269,Bãi Cháy,2008,11,44.0
2270,Nam Định,2008,11,204.0
2271,Vinh,2008,11,76.0
2272,Huế,2008,11,671.0
2273,Đà Nẵng,2008,11,569.0
2274,Qui Nhơn,2008,11,593.0
2275,Pleiku,2008,11,83.0
2276,Đà Lạt,2008,11,175.0
2277,Nha Trang,2008,11,734.0
2278,Vũng Tàu,2008,11,122.0
2279,Cà Mau,2008,11,270.0
2280,Lai Châu,2007,11,49.0
2281,Sơn La,2007,11,11.0
2282,Tuyên Quang,2007,11,14.0
2283,Hà Nội,2007,11,5.0
2284,Bãi Cháy,2007,11,41.0
2285,Nam Định,2007,11,10.0
2286,Vinh,2007,11,45.0
2287,Huế,2007,11,907.0
2288,Đà Nẵng,2007,11,894.0
2289,Qui Nhơn,2007,11,808.0
2290,Pleiku,2007,11,168.0
2291,Đà Lạt,2007,11,148.0
2292,Nha Trang,2007,11,543.0
2293,Vũng Tàu,2007,11,70.0
2294,Cà Mau,2007,11,339.0
2295,Lai Châu,2006,11,25.0
2296,Sơn La,2006,11,12.0
2297,Tuyên Quang,2006,11,50.0
2298,Hà Nội,2006,11,116.0
2299,Bãi Cháy,2006,11,86.0
2300,Nam Định,2006,11,1.0
2301,Vinh,2006,11,58.0
2302,Huế,2006,11,239.0
2303,Đà Nẵng,2006,11,279.0
2304,Qui Nhơn,2006,11,138.0
2305,Pleiku,2006,11,2.0
2306,Đà Lạt,2006,11,19.0
2307,Nha Trang,2006,11,61.0
2308,Vũng Tàu,2006,11,19.0
2309,Cà Mau,2006,11,80.0
2310,Lai Châu,2019,12,43.0
2311,Sơn La,2019,12,13.7
2312,Tuyên Quang,2019,12,6.4
2313,Hà Nội,2019,12,3.5
2314,Bãi Cháy,2019,12,1.0
2315,Nam Định,2019,12,1.2
2316,Vinh,2019,12,96.9
2317,Huế,2019,12,41.7
2318,Đà Nẵng,2019,12,130.6
2319,Qui Nhơn,2019,12,23.7
2322,Nha Trang,2019,12,7.4
2325,Lai Châu,2018,12,106.0
2326,Sơn La,2018,12,37.0
2327,Tuyên Quang,2018,12,31.7
2328,Hà Nội,2018,12,84.2
2329,Bãi Cháy,2018,12,37.6
2330,Nam Định,2018,12,91.1
2331,Vinh,2018,12,435.5
2332,Huế,2018,12,745.1
2333,Đà Nẵng,2018,12,1278.7
2334,Qui Nhơn,2018,12,338.5
2335,Pleiku,2018,12,0.4
2336,Đà Lạt,2018,12,73.8
2337,Nha Trang,2018,12,290.8
2338,Vũng Tàu,2018,12,23.3
2339,Cà Mau,2018,12,47.7
2340,Lai Châu,2017,12,35.3
2341,Sơn La,2017,12,59.3
2342,Tuyên Quang,2017,12,63.3
2343,Hà Nội,2017,12,47.5
2344,Bãi Cháy,2017,12,21.6
2345,Nam Định,2017,12,34.9
2346,Vinh,2017,12,36.9
2347,Huế,2017,12,375.8
2348,Đà Nẵng,2017,12,163.5
2349,Qui Nhơn,2017,12,327.6
2350,Pleiku,2017,12,22.4
2351,Đà Lạt,2017,12,62.8
2352,Nha Trang,2017,12,176.0
2353,Vũng Tàu,2017,12,26.4
2354,Cà Mau,2017,12,72.4
2355,Lai Châu,2016,12,0.4
2356,Sơn La,2016,12,1.9
2358,Hà Nội,2016,12,9.0
2359,Bãi Cháy,2016,12,1.3
2360,Nam Định,2016,12,1.9
2361,Vinh,2016,12,30.9
2362,Huế,2016,12,1219.3
2363,Đà Nẵng,2016,12,758.7
2364,Qui Nhơn,2016,12,804.9
2365,Pleiku,2016,12,75.6
2366,Đà Lạt,2016,12,173.9
2367,Nha Trang,2016,12,1336.3
2368,Vũng Tàu,2016,12,33.8
2369,Cà Mau,2016,12,171.8
2370,Lai Châu,2015,12,152.2
2371,Sơn La,2015,12,101.2
2372,Tuyên Quang,2015,12,97.2
2373,Hà Nội,2015,12,31.5
2374,Bãi Cháy,2015,12,63.9
2375,Nam Định,2015,12,42.5
2376,Vinh,2015,12,93.1
2377,Huế,2015,12,313.0
2378,Đà Nẵng,2015,12,179.8
2379,Qui Nhơn,2015,12,249.2
2380,Pleiku,2015,12,0.1
2381,Đà Lạt,2015,12,49.6
2382,Nha Trang,2015,12,246.2
2383,Vũng Tàu,2015,12,4.8
2384,Cà Mau,2015,12,48.6
2385,Lai Châu,2014,12,1.4
2387,Tuyên Quang,2014,12,7.9
2388,Hà Nội,2014,12,11.8
2389,Bãi Cháy,2014,12,32.4
2390,Nam Định,2014,12,20.5
2391,Vinh,2014,12,65.1
2392,Huế,2014,12,771.4
2393,Đà Nẵng,2014,12,399.1
2394,Qui Nhơn,2014,12,399.0
2395,Pleiku,2014,12,11.4
2396,Đà Lạt,2014,12,30.8
2397,Nha Trang,2014,12,277.6
2398,Vũng Tàu,2014,12,39.6
2399,Cà Mau,2014,12,103.0
2400,Lai Châu,2013,12,199.3
2401,Sơn La,2013,12,109.3
2402,Tuyên Quang,2013,12,73.6
2403,Hà Nội,2013,12,22.2
2404,Bãi Cháy,2013,12,30.4
2405,Nam Định,2013,12,15.0
2406,Vinh,2013,12,68.9
2407,Huế,2013,12,90.0
2408,Đà Nẵng,2013,12,34.4
2409,Qui Nhơn,2013,12,13.0
2410,Pleiku,2013,12,1.7
2411,Đà Lạt,2013,12,2.2
2412,Nha Trang,2013,12,10.7
2413,Vũng Tàu,2013,12,18.9
2414,Cà Mau,2013,12,29.1
2415,Lai Châu,2012,12,27.2
2416,Sơn La,2012,12,26.2
2417,Tuyên Quang,2012,12,25.2
2418,Hà Nội,2012,12,25.7
2419,Bãi Cháy,2012,12,3.9
2420,Nam Định,2012,12,35.3
2421,Vinh,2012,12,95.6
2422,Huế,2012,12,304.3
2423,Đà Nẵng,2012,12,59.5
2424,Qui Nhơn,2012,12,87.1
2426,Đà Lạt,2012,12,4.8
2427,Nha Trang,2012,12,34.6
2428,Vũng Tàu,2012,12,20.8
2429,Cà Mau,2012,12,11.8
2430,Lai Châu,2011,12,1.6
2431,Sơn La,2011,12,2.1
2432,Tuyên Quang,2011,12,5.7
2433,Hà Nội,2011,12,51.5
2434,Bãi Cháy,2011,12,29.5
2435,Nam Định,2011,12,13.1
2436,Vinh,2011,12,51.4
2437,Huế,2011,12,709.5
2438,Đà Nẵng,2011,12,339.2
2439,Qui Nhơn,2011,12,140.1
2441,Đà Lạt,2011,12,25.1
2442,Nha Trang,2011,12,115.4
2443,Vũng Tàu,2011,12,34.7
2444,Cà Mau,2011,12,78.4
2445,Lai Châu,2010,12,28.6
2446,Sơn La,2010,12,90.4
2447,Tuyên Quang,2010,12,1.3
2448,Hà Nội,2010,12,11.6
2449,Bãi Cháy,2010,12,15.3
2450,Nam Định,2010,12,6.8
2451,Vinh,2010,12,34.7
2452,Huế,2010,12,69.4
2453,Đà Nẵng,2010,12,52.6
2454,Qui Nhơn,2010,12,27.3
2455,Pleiku,2010,12,0.2
2456,Đà Lạt,2010,12,0.9
2457,Nha Trang,2010,12,197.4
2458,Vũng Tàu,2010,12,0.2
2459,Cà Mau,2010,12,19.6
2460,Lai Châu,2009,12,0.5
2461,Sơn La,2009,12,5.9
2462,Tuyên Quang,2009,12,1.3
2463,Hà Nội,2009,12,3.6
2464,Bãi Cháy,2009,12,3.7
2465,Nam Định,2009,12,16.1
2466,Vinh,2009,12,56.6
2467,Huế,2009,12,334.5
2468,Đà Nẵng,2009,12,165.4
2469,Qui Nhơn,2009,12,49.1
2470,Pleiku,2009,12,0.2
2471,Đà Lạt,2009,12,0.9
2472,Nha Trang,2009,12,42.5
2473,Vũng Tàu,2009,12,0.2
2474,Cà Mau,2009,12,19.6
2475,Lai Châu,2008,12,4.0
2476,Sơn La,2008,12,12.0
2477,Tuyên Quang,2008,12,6.0
2478,Hà Nội,2008,12,11.0
2479,Bãi Cháy,2008,12,25.0
2480,Nam Định,2008,12,22.0
2481,Vinh,2008,12,59.0
2482,Huế,2008,12,510.0
2483,Đà Nẵng,2008,12,185.0
2484,Qui Nhơn,2008,12,251.0
2485,Pleiku,2008,12,4.0
2486,Đà Lạt,2008,12,52.0
2487,Nha Trang,2008,12,410.0
2488,Vũng Tàu,2008,12,0.0
2489,Cà Mau,2008,12,172.0
2490,Lai Châu,2007,12,0.0
2491,Sơn La,2007,12,1.0
2492,Tuyên Quang,2007,12,24.0
2493,Hà Nội,2007,12,21.0
2494,Bãi Cháy,2007,12,7.0
2495,Nam Định,2007,12,33.0
2496,Vinh,2007,12,123.0
2497,Huế,2007,12,603.0
2498,Đà Nẵng,2007,12,164.0
2499,Qui Nhơn,2007,12,18.0
2500,Pleiku,2007,12,0.0
2501,Đà Lạt,2007,12,2.0
2502,Nha Trang,2007,12,4.0
2503,Vũng Tàu,2007,12,2.0
2504,Cà Mau,2007,12,1.0
2505,Lai Châu,2006,12,2.0
2506,Sơn La,2006,12,1.0
2507,Tuyên Quang,2006,12,7.0
2508,Hà Nội,2006,12,1.0
2509,Bãi Cháy,2006,12,1.0
2510,Nam Định,2006,12,6.0
2511,Vinh,2006,12,71.0
2512,Huế,2006,12,382.0
2513,Đà Nẵng,2006,12,254.0
2514,Qui Nhơn,2006,12,193.0
2515,Pleiku,2006,12,4.0
2517,Nha Trang,2006,12,98.0
2518,Vũng Tàu,2006,12,120.0
2519,Cà Mau,2006,12,27.0
