,Ma_Tinh,Name,Nam,Thang,So_Diem_Chay,Air_Humidity,Air_Temperature,Rainfull,Sunshine,Latitude,Longitude
0,1.0,Hà Nội,2011.0,12.0,1.0,67.0,17.4,51.5,95.6,21.028333,105.853333
1,1.0,Hà Nội,2012.0,12.0,1.0,79.0,18.7,25.7,42.2,21.028333,105.853333
2,1.0,Hà Nội,2013.0,12.0,1.0,68.0,16.3,22.2,158.7,21.028333,105.853333
3,1.0,Hà Nội,2014.0,1.0,1.0,71.0,17.7,0.7,119.2,21.028333,105.853333
4,1.0,Hà Nội,2014.0,2.0,1.0,79.0,17.2,16.1,31.9,21.028333,105.853333
5,1.0,Hà Nội,2015.0,4.0,1.0,78.0,25.4,21.6,114.3,21.028333,105.853333
6,1.0,Hà Nội,2016.0,3.0,1.0,83.0,20.2,24.7,22.7,21.028333,105.853333
7,1.0,Hà Nội,2016.0,10.0,2.0,71.0,28.1,45.0,144.5,21.028333,105.853333
8,1.0,Hà Nội,2016.0,12.0,1.0,64.0,21.4,9.0,135.0,21.028333,105.853333
9,1.0,Hà Nội,2017.0,5.0,24.0,76.0,28.1,105.4,147.9,21.028333,105.853333
10,1.0,Hà Nội,2017.0,6.0,19.0,74.0,30.8,212.9,123.9,21.028333,105.853333
11,1.0,Hà Nội,2017.0,7.0,44.0,80.0,29.4,449.1,111.6,21.028333,105.853333
12,1.0,Hà Nội,2017.0,8.0,48.0,79.0,29.5,283.2,107.6,21.028333,105.853333
13,1.0,Hà Nội,2017.0,9.0,16.0,82.0,29.3,266.9,97.9,21.028333,105.853333
14,1.0,Hà Nội,2017.0,10.0,21.0,76.0,26.0,259.7,93.7,21.028333,105.853333
15,1.0,Hà Nội,2017.0,11.0,15.0,71.0,22.7,19.4,75.1,21.028333,105.853333
16,1.0,Hà Nội,2017.0,12.0,16.0,70.0,18.1,47.5,67.6,21.028333,105.853333
17,1.0,Hà Nội,2018.0,1.0,11.0,78.0,18.1,16.6,24.9,21.028333,105.853333
18,1.0,Hà Nội,2018.0,2.0,8.0,70.0,17.5,10.0,24.9,21.028333,105.853333
19,1.0,Hà Nội,2018.0,3.0,34.0,77.0,22.7,34.0,83.2,21.028333,105.853333
20,1.0,Hà Nội,2018.0,4.0,89.0,77.0,24.4,58.8,63.1,21.028333,105.853333
21,1.0,Hà Nội,2018.0,5.0,36.0,75.0,29.5,209.0,208.1,21.028333,105.853333
22,1.0,Hà Nội,2018.0,6.0,42.0,71.0,30.6,188.5,156.0,21.028333,105.853333
23,1.0,Hà Nội,2018.0,7.0,63.0,74.0,30.1,428.1,130.0,21.028333,105.853333
24,1.0,Hà Nội,2018.0,8.0,18.0,80.0,29.1,313.4,124.8,21.028333,105.853333
25,1.0,Hà Nội,2018.0,9.0,79.0,74.0,29.0,229.7,118.6,21.028333,105.853333
26,1.0,Hà Nội,2018.0,10.0,15.0,73.0,26.1,94.4,133.6,21.028333,105.853333
27,1.0,Hà Nội,2018.0,11.0,17.0,75.0,24.2,28.2,115.1,21.028333,105.853333
28,1.0,Hà Nội,2018.0,12.0,8.0,79.0,19.9,84.2,91.9,21.028333,105.853333
29,1.0,Hà Nội,2019.0,1.0,7.0,77.0,18.0,16.6,28.5,21.028333,105.853333
30,1.0,Hà Nội,2019.0,2.0,9.0,79.0,22.4,28.8,78.6,21.028333,105.853333
31,1.0,Hà Nội,2019.0,3.0,11.0,81.0,22.6,15.1,44.6,21.028333,105.853333
32,1.0,Hà Nội,2019.0,4.0,36.0,82.0,27.5,166.2,98.3,21.028333,105.853333
33,1.0,Hà Nội,2019.0,5.0,24.0,79.0,28.2,96.8,95.5,21.028333,105.853333
34,1.0,Hà Nội,2019.0,6.0,20.0,72.0,31.6,97.1,137.8,21.028333,105.853333
35,1.0,Hà Nội,2019.0,7.0,5.0,72.0,31.4,135.8,139.8,21.028333,105.853333
36,1.0,Hà Nội,2019.0,8.0,15.0,78.0,29.9,488.6,137.0,21.028333,105.853333
37,1.0,Hà Nội,2019.0,9.0,32.0,68.0,29.5,113.5,183.7,21.028333,105.853333
38,1.0,Hà Nội,2019.0,10.0,24.0,74.0,26.7,105.0,127.0,21.028333,105.853333
39,1.0,Hà Nội,2019.0,11.0,17.0,73.0,23.5,44.4,126.1,21.028333,105.853333
40,1.0,Hà Nội,2019.0,12.0,4.0,69.0,19.6,3.5,128.1,21.028333,105.853333
41,8.0,Tuyên Quang,2011.0,2.0,10.0,83.0,17.6,12.1,35.6,21.777355,105.228424
42,8.0,Tuyên Quang,2011.0,3.0,9.0,83.0,17.0,116.5,28.0,21.777355,105.228424
43,8.0,Tuyên Quang,2011.0,4.0,4.0,84.0,23.4,58.4,70.8,21.777355,105.228424
44,8.0,Tuyên Quang,2011.0,5.0,19.0,81.0,26.4,234.9,171.3,21.777355,105.228424
45,8.0,Tuyên Quang,2011.0,6.0,1.0,82.0,29.0,181.5,158.4,21.777355,105.228424
46,8.0,Tuyên Quang,2011.0,7.0,4.0,82.0,29.1,209.1,196.8,21.777355,105.228424
47,8.0,Tuyên Quang,2011.0,10.0,1.0,83.0,23.9,87.7,109.2,21.777355,105.228424
48,8.0,Tuyên Quang,2011.0,11.0,1.0,84.0,22.2,35.0,155.7,21.777355,105.228424
49,8.0,Tuyên Quang,2012.0,2.0,4.0,85.0,15.9,18.7,16.0,21.777355,105.228424
50,8.0,Tuyên Quang,2012.0,3.0,24.0,82.0,20.5,36.6,57.4,21.777355,105.228424
51,8.0,Tuyên Quang,2012.0,4.0,31.0,78.0,26.3,104.7,166.2,21.777355,105.228424
52,8.0,Tuyên Quang,2012.0,5.0,21.0,79.0,28.8,256.5,194.9,21.777355,105.228424
53,8.0,Tuyên Quang,2012.0,6.0,5.0,81.0,29.4,162.5,121.2,21.777355,105.228424
54,8.0,Tuyên Quang,2012.0,9.0,1.0,84.0,26.7,184.9,145.1,21.777355,105.228424
55,8.0,Tuyên Quang,2012.0,12.0,1.0,83.0,17.9,25.2,37.6,21.777355,105.228424
56,8.0,Tuyên Quang,2013.0,3.0,37.0,78.0,24.1,25.5,123.0,21.777355,105.228424
57,8.0,Tuyên Quang,2013.0,4.0,9.0,79.0,24.9,82.5,102.9,21.777355,105.228424
58,8.0,Tuyên Quang,2013.0,5.0,3.0,79.0,28.2,165.8,191.9,21.777355,105.228424
59,8.0,Tuyên Quang,2013.0,6.0,7.0,78.0,29.0,194.0,193.6,21.777355,105.228424
60,8.0,Tuyên Quang,2013.0,10.0,1.0,81.0,24.1,95.8,161.8,21.777355,105.228424
61,8.0,Tuyên Quang,2013.0,12.0,15.0,78.0,15.1,73.6,156.7,21.777355,105.228424
62,8.0,Tuyên Quang,2014.0,1.0,25.0,77.0,16.2,3.8,127.8,21.777355,105.228424
63,8.0,Tuyên Quang,2014.0,2.0,8.0,82.0,17.1,35.7,42.2,21.777355,105.228424
64,8.0,Tuyên Quang,2014.0,3.0,2.0,87.0,20.3,53.3,20.4,21.777355,105.228424
65,8.0,Tuyên Quang,2014.0,4.0,4.0,86.0,25.4,134.6,38.1,21.777355,105.228424
66,8.0,Tuyên Quang,2014.0,5.0,20.0,77.0,28.9,110.9,202.2,21.777355,105.228424
67,8.0,Tuyên Quang,2014.0,6.0,2.0,82.0,29.4,149.0,133.7,21.777355,105.228424
68,8.0,Tuyên Quang,2014.0,10.0,3.0,81.0,25.5,163.0,165.0,21.777355,105.228424
69,8.0,Tuyên Quang,2014.0,12.0,7.0,76.0,16.7,7.9,91.8,21.777355,105.228424
70,8.0,Tuyên Quang,2015.0,1.0,2.0,82.0,17.2,65.5,100.0,21.777355,105.228424
71,8.0,Tuyên Quang,2015.0,2.0,14.0,82.0,19.2,14.1,74.9,21.777355,105.228424
72,8.0,Tuyên Quang,2015.0,3.0,17.0,87.0,21.7,68.3,46.8,21.777355,105.228424
73,8.0,Tuyên Quang,2015.0,4.0,46.0,76.0,25.0,80.3,135.2,21.777355,105.228424
74,8.0,Tuyên Quang,2015.0,5.0,42.0,76.0,29.8,302.3,240.2,21.777355,105.228424
75,8.0,Tuyên Quang,2015.0,6.0,7.0,75.0,30.2,227.4,211.3,21.777355,105.228424
76,8.0,Tuyên Quang,2015.0,7.0,6.0,75.0,29.5,297.3,179.1,21.777355,105.228424
77,8.0,Tuyên Quang,2015.0,8.0,5.0,79.0,29.1,240.9,191.2,21.777355,105.228424
78,8.0,Tuyên Quang,2015.0,9.0,2.0,83.0,28.1,303.4,157.0,21.777355,105.228424
79,8.0,Tuyên Quang,2015.0,10.0,7.0,80.0,25.9,52.9,196.0,21.777355,105.228424
80,8.0,Tuyên Quang,2016.0,1.0,1.0,87.0,16.7,55.5,47.3,21.777355,105.228424
81,8.0,Tuyên Quang,2016.0,2.0,31.0,76.0,16.2,7.8,103.6,21.777355,105.228424
82,8.0,Tuyên Quang,2016.0,3.0,12.0,84.0,20.1,36.3,42.4,21.777355,105.228424
83,8.0,Tuyên Quang,2016.0,4.0,14.0,83.0,25.7,185.0,123.2,21.777355,105.228424
84,8.0,Tuyên Quang,2017.0,1.0,5.0,83.0,19.0,161.9,67.4,21.777355,105.228424
85,8.0,Tuyên Quang,2017.0,2.0,52.0,74.0,19.5,5.6,73.6,21.777355,105.228424
86,8.0,Tuyên Quang,2017.0,3.0,8.0,84.0,21.4,88.5,61.3,21.777355,105.228424
87,8.0,Tuyên Quang,2017.0,4.0,76.0,81.0,24.5,83.8,102.6,21.777355,105.228424
88,8.0,Tuyên Quang,2017.0,5.0,143.0,76.0,27.7,120.4,196.9,21.777355,105.228424
89,8.0,Tuyên Quang,2017.0,6.0,50.0,81.0,29.2,476.5,146.2,21.777355,105.228424
90,8.0,Tuyên Quang,2017.0,7.0,15.0,85.0,28.2,512.5,141.3,21.777355,105.228424
91,8.0,Tuyên Quang,2017.0,8.0,7.0,85.0,28.3,455.2,147.3,21.777355,105.228424
92,8.0,Tuyên Quang,2017.0,9.0,22.0,85.0,28.4,261.7,177.3,21.777355,105.228424
93,8.0,Tuyên Quang,2017.0,10.0,36.0,85.0,25.0,122.0,120.8,21.777355,105.228424
94,8.0,Tuyên Quang,2017.0,11.0,36.0,80.0,21.7,21.3,115.1,21.777355,105.228424
95,8.0,Tuyên Quang,2017.0,12.0,33.0,79.0,17.2,63.3,98.5,21.777355,105.228424
96,8.0,Tuyên Quang,2018.0,1.0,25.0,83.0,17.8,41.4,41.7,21.777355,105.228424
97,8.0,Tuyên Quang,2018.0,2.0,260.0,77.0,17.4,10.5,45.8,21.777355,105.228424
98,8.0,Tuyên Quang,2018.0,3.0,592.0,81.0,22.3,51.3,96.8,21.777355,105.228424
99,8.0,Tuyên Quang,2018.0,4.0,349.0,80.0,24.2,141.2,71.9,21.777355,105.228424
100,8.0,Tuyên Quang,2018.0,5.0,73.0,79.0,28.5,186.4,217.7,21.777355,105.228424
101,8.0,Tuyên Quang,2018.0,6.0,47.0,80.0,29.2,133.0,157.1,21.777355,105.228424
102,8.0,Tuyên Quang,2018.0,7.0,25.0,83.0,29.1,364.4,178.6,21.777355,105.228424
103,8.0,Tuyên Quang,2018.0,8.0,5.0,85.0,28.5,278.5,146.5,21.777355,105.228424
104,8.0,Tuyên Quang,2018.0,9.0,26.0,82.0,28.1,154.7,176.0,21.777355,105.228424
105,8.0,Tuyên Quang,2018.0,10.0,37.0,80.0,24.9,128.9,140.5,21.777355,105.228424
106,8.0,Tuyên Quang,2018.0,11.0,95.0,82.0,22.9,12.2,138.4,21.777355,105.228424
107,8.0,Tuyên Quang,2018.0,12.0,115.0,81.0,19.6,31.7,86.5,21.777355,105.228424
108,8.0,Tuyên Quang,2019.0,1.0,11.0,84.0,17.8,54.7,25.4,21.777355,105.228424
109,8.0,Tuyên Quang,2019.0,2.0,384.0,81.0,22.3,42.9,88.6,21.777355,105.228424
110,8.0,Tuyên Quang,2019.0,3.0,408.0,83.0,22.5,16.3,72.0,21.777355,105.228424
111,8.0,Tuyên Quang,2019.0,4.0,941.0,83.0,27.0,100.1,116.6,21.777355,105.228424
112,8.0,Tuyên Quang,2019.0,5.0,76.0,82.0,27.6,139.6,105.6,21.777355,105.228424
113,8.0,Tuyên Quang,2019.0,6.0,14.0,81.0,30.1,352.5,176.5,21.777355,105.228424
114,8.0,Tuyên Quang,2019.0,7.0,1.0,83.0,29.7,145.5,155.9,21.777355,105.228424
115,8.0,Tuyên Quang,2019.0,8.0,5.0,83.0,29.0,256.7,202.5,21.777355,105.228424
116,8.0,Tuyên Quang,2019.0,9.0,14.0,79.0,27.9,132.7,227.0,21.777355,105.228424
117,8.0,Tuyên Quang,2019.0,10.0,28.0,84.0,25.6,155.1,146.4,21.777355,105.228424
118,8.0,Tuyên Quang,2019.0,11.0,60.0,81.0,22.2,53.1,116.8,21.777355,105.228424
119,8.0,Tuyên Quang,2019.0,12.0,3.0,79.0,18.1,6.4,144.5,21.777355,105.228424
120,12.0,Lai Châu,2011.0,1.0,5.0,78.0,15.9,21.0,47.7,22.362776,103.265991
121,12.0,Lai Châu,2011.0,3.0,32.0,75.0,20.1,115.0,99.5,22.362776,103.265991
122,12.0,Lai Châu,2011.0,4.0,96.0,78.0,24.8,163.7,156.9,22.362776,103.265991
123,12.0,Lai Châu,2011.0,5.0,13.0,81.0,26.1,356.0,174.0,22.362776,103.265991
124,12.0,Lai Châu,2011.0,9.0,2.0,83.0,27.1,228.6,154.0,22.362776,103.265991
125,12.0,Lai Châu,2011.0,10.0,8.0,79.0,24.9,120.6,140.3,22.362776,103.265991
126,12.0,Lai Châu,2011.0,11.0,14.0,83.0,21.1,30.2,164.9,22.362776,103.265991
127,12.0,Lai Châu,2011.0,12.0,6.0,77.0,18.1,1.6,96.4,22.362776,103.265991
128,12.0,Lai Châu,2012.0,1.0,42.0,84.0,13.2,99.7,115.6,22.362776,103.265991
129,12.0,Lai Châu,2012.0,2.0,279.0,79.0,16.1,5.5,174.7,22.362776,103.265991
130,12.0,Lai Châu,2012.0,3.0,488.0,73.0,18.3,31.9,153.0,22.362776,103.265991
131,12.0,Lai Châu,2012.0,4.0,227.0,71.0,22.6,142.9,250.4,22.362776,103.265991
132,12.0,Lai Châu,2012.0,5.0,52.0,81.0,24.0,282.9,182.4,22.362776,103.265991
133,12.0,Lai Châu,2012.0,10.0,6.0,84.0,21.2,243.2,182.8,22.362776,103.265991
134,12.0,Lai Châu,2012.0,12.0,8.0,85.0,15.8,27.2,170.1,22.362776,103.265991
135,12.0,Lai Châu,2013.0,1.0,4.0,89.0,13.5,55.7,117.8,22.362776,103.265991
136,12.0,Lai Châu,2013.0,2.0,10.0,82.0,18.2,41.2,191.8,22.362776,103.265991
137,12.0,Lai Châu,2013.0,3.0,182.0,69.0,20.4,23.9,237.4,22.362776,103.265991
138,12.0,Lai Châu,2013.0,4.0,128.0,79.0,20.9,312.9,184.4,22.362776,103.265991
139,12.0,Lai Châu,2013.0,5.0,11.0,82.0,22.9,381.0,205.0,22.362776,103.265991
140,12.0,Lai Châu,2013.0,6.0,1.0,84.0,23.5,478.7,143.4,22.362776,103.265991
141,12.0,Lai Châu,2013.0,8.0,3.0,88.0,23.4,458.9,163.4,22.362776,103.265991
142,12.0,Lai Châu,2013.0,9.0,2.0,84.0,22.7,171.2,162.2,22.362776,103.265991
143,12.0,Lai Châu,2013.0,10.0,14.0,81.0,19.7,44.6,148.7,22.362776,103.265991
144,12.0,Lai Châu,2013.0,11.0,19.0,84.0,18.3,19.1,162.5,22.362776,103.265991
145,12.0,Lai Châu,2013.0,12.0,20.0,81.0,12.4,199.3,145.3,22.362776,103.265991
146,12.0,Lai Châu,2014.0,1.0,46.0,76.0,13.6,3.7,191.8,22.362776,103.265991
147,12.0,Lai Châu,2014.0,2.0,268.0,72.0,16.1,16.7,195.1,22.362776,103.265991
148,12.0,Lai Châu,2014.0,3.0,618.0,71.0,20.3,81.6,197.9,22.362776,103.265991
149,12.0,Lai Châu,2014.0,4.0,132.0,76.0,23.4,214.4,219.7,22.362776,103.265991
150,12.0,Lai Châu,2014.0,5.0,4.0,77.0,24.0,243.8,211.5,22.362776,103.265991
151,12.0,Lai Châu,2014.0,10.0,1.0,79.0,20.2,120.2,145.7,22.362776,103.265991
152,12.0,Lai Châu,2014.0,11.0,3.0,83.0,17.5,97.2,142.4,22.362776,103.265991
153,12.0,Lai Châu,2014.0,12.0,6.0,81.0,13.9,1.4,127.2,22.362776,103.265991
154,12.0,Lai Châu,2015.0,1.0,10.0,75.0,13.7,82.7,192.5,22.362776,103.265991
155,12.0,Lai Châu,2015.0,2.0,29.0,78.0,16.3,41.0,170.8,22.362776,103.265991
156,12.0,Lai Châu,2015.0,3.0,175.0,73.0,21.1,63.2,197.4,22.362776,103.265991
157,12.0,Lai Châu,2015.0,4.0,75.0,73.0,22.0,140.3,217.5,22.362776,103.265991
158,12.0,Lai Châu,2015.0,5.0,78.0,72.0,25.2,216.7,258.1,22.362776,103.265991
159,12.0,Lai Châu,2015.0,10.0,3.0,84.0,20.9,202.7,172.4,22.362776,103.265991
160,12.0,Lai Châu,2015.0,11.0,2.0,83.0,18.9,84.9,181.7,22.362776,103.265991
161,12.0,Lai Châu,2016.0,1.0,6.0,83.0,13.4,74.0,176.1,22.362776,103.265991
162,12.0,Lai Châu,2016.0,2.0,20.0,79.0,12.5,24.9,130.0,22.362776,103.265991
163,12.0,Lai Châu,2016.0,3.0,183.0,72.0,19.2,66.9,181.8,22.362776,103.265991
164,12.0,Lai Châu,2016.0,4.0,188.0,76.0,23.3,197.8,212.3,22.362776,103.265991
165,12.0,Lai Châu,2017.0,1.0,1.0,83.0,14.8,72.2,122.0,22.362776,103.265991
166,12.0,Lai Châu,2017.0,2.0,111.0,78.0,15.1,16.0,150.5,22.362776,103.265991
167,12.0,Lai Châu,2017.0,3.0,327.0,78.0,18.6,218.3,184.2,22.362776,103.265991
168,12.0,Lai Châu,2017.0,4.0,347.0,79.0,20.4,217.8,164.5,22.362776,103.265991
169,12.0,Lai Châu,2017.0,5.0,156.0,79.0,22.3,194.6,198.6,22.362776,103.265991
170,12.0,Lai Châu,2017.0,6.0,28.0,87.0,23.4,637.6,110.4,22.362776,103.265991
171,12.0,Lai Châu,2017.0,7.0,4.0,87.0,22.6,639.8,121.4,22.362776,103.265991
172,12.0,Lai Châu,2017.0,8.0,3.0,92.0,23.4,566.8,104.5,22.362776,103.265991
173,12.0,Lai Châu,2017.0,9.0,43.0,89.0,23.9,284.6,132.9,22.362776,103.265991
174,12.0,Lai Châu,2017.0,10.0,64.0,89.0,21.0,160.0,112.5,22.362776,103.265991
175,12.0,Lai Châu,2017.0,11.0,89.0,86.0,17.0,136.1,138.8,22.362776,103.265991
176,12.0,Lai Châu,2017.0,12.0,95.0,85.0,13.8,35.3,158.8,22.362776,103.265991
177,12.0,Lai Châu,2018.0,1.0,129.0,83.0,14.4,53.5,127.5,22.362776,103.265991
178,12.0,Lai Châu,2018.0,2.0,1623.0,79.0,14.3,31.8,153.0,22.362776,103.265991
179,12.0,Lai Châu,2018.0,3.0,3455.0,80.0,18.4,99.5,176.5,22.362776,103.265991
180,12.0,Lai Châu,2018.0,4.0,3407.0,80.0,20.9,292.8,196.8,22.362776,103.265991
181,12.0,Lai Châu,2018.0,5.0,143.0,85.0,22.8,433.7,190.0,22.362776,103.265991
182,12.0,Lai Châu,2018.0,6.0,2.0,92.0,23.1,526.2,84.4,22.362776,103.265991
183,12.0,Lai Châu,2018.0,7.0,1.0,89.0,24.0,330.3,158.4,22.362776,103.265991
184,12.0,Lai Châu,2018.0,8.0,4.0,90.0,23.9,426.4,127.9,22.362776,103.265991
185,12.0,Lai Châu,2018.0,9.0,15.0,86.0,23.4,322.9,118.5,22.362776,103.265991
186,12.0,Lai Châu,2018.0,10.0,22.0,86.0,20.8,188.1,130.3,22.362776,103.265991
187,12.0,Lai Châu,2018.0,11.0,162.0,84.0,18.7,83.9,235.2,22.362776,103.265991
188,12.0,Lai Châu,2018.0,12.0,186.0,86.0,15.6,106.0,146.5,22.362776,103.265991
189,12.0,Lai Châu,2019.0,1.0,51.0,88.0,14.8,144.9,131.5,22.362776,103.265991
190,12.0,Lai Châu,2019.0,2.0,3420.0,75.0,18.8,25.1,246.6,22.362776,103.265991
191,12.0,Lai Châu,2019.0,3.0,7769.0,77.0,20.3,51.1,190.4,22.362776,103.265991
192,12.0,Lai Châu,2019.0,4.0,10830.0,75.0,23.5,72.7,241.5,22.362776,103.265991
193,12.0,Lai Châu,2019.0,5.0,526.0,80.0,24.7,500.5,231.0,22.362776,103.265991
194,12.0,Lai Châu,2019.0,6.0,1.0,88.0,24.2,711.4,127.4,22.362776,103.265991
195,12.0,Lai Châu,2019.0,7.0,1.0,90.0,23.6,507.8,91.1,22.362776,103.265991
196,12.0,Lai Châu,2019.0,8.0,5.0,86.0,24.6,169.9,187.1,22.362776,103.265991
197,12.0,Lai Châu,2019.0,9.0,16.0,82.0,22.7,86.8,185.1,22.362776,103.265991
198,12.0,Lai Châu,2019.0,10.0,29.0,85.0,21.0,222.3,174.4,22.362776,103.265991
199,12.0,Lai Châu,2019.0,11.0,31.0,82.0,18.6,7.0,164.9,22.362776,103.265991
200,12.0,Lai Châu,2019.0,12.0,7.0,77.0,14.2,43.0,219.4,22.362776,103.265991
201,14.0,Sơn La,2011.0,1.0,5.0,84.0,11.7,11.1,31.1,21.328716,103.914528
202,14.0,Sơn La,2011.0,2.0,93.0,80.0,16.7,13.3,148.9,21.328716,103.914528
203,14.0,Sơn La,2011.0,3.0,43.0,80.0,16.4,108.5,80.5,21.328716,103.914528
204,14.0,Sơn La,2011.0,4.0,98.0,80.0,22.1,106.5,143.3,21.328716,103.914528
205,14.0,Sơn La,2011.0,5.0,25.0,79.0,24.1,136.3,188.2,21.328716,103.914528
206,14.0,Sơn La,2011.0,6.0,5.0,85.0,25.5,190.9,136.7,21.328716,103.914528
207,14.0,Sơn La,2011.0,7.0,4.0,84.0,25.5,215.4,190.5,21.328716,103.914528
208,14.0,Sơn La,2011.0,8.0,1.0,83.0,25.1,167.8,196.4,21.328716,103.914528
209,14.0,Sơn La,2011.0,11.0,20.0,82.0,18.7,5.7,191.3,21.328716,103.914528
210,14.0,Sơn La,2011.0,12.0,32.0,75.0,14.7,2.1,140.6,21.328716,103.914528
211,14.0,Sơn La,2012.0,1.0,20.0,85.0,14.2,90.5,90.2,21.328716,103.914528
212,14.0,Sơn La,2012.0,2.0,324.0,80.0,16.7,6.0,145.3,21.328716,103.914528
213,14.0,Sơn La,2012.0,3.0,469.0,72.0,20.1,48.7,159.9,21.328716,103.914528
214,14.0,Sơn La,2012.0,4.0,173.0,71.0,24.3,114.0,248.7,21.328716,103.914528
215,14.0,Sơn La,2012.0,5.0,37.0,75.0,26.1,180.6,213.3,21.328716,103.914528
216,14.0,Sơn La,2012.0,8.0,2.0,84.0,25.2,344.9,215.8,21.328716,103.914528
217,14.0,Sơn La,2012.0,10.0,6.0,81.0,22.8,48.7,211.4,21.328716,103.914528
218,14.0,Sơn La,2012.0,11.0,2.0,84.0,20.6,44.9,159.9,21.328716,103.914528
219,14.0,Sơn La,2012.0,12.0,22.0,81.0,17.4,26.2,166.5,21.328716,103.914528
220,14.0,Sơn La,2013.0,1.0,10.0,84.0,14.7,42.9,93.9,21.328716,103.914528
221,14.0,Sơn La,2013.0,2.0,29.0,80.0,19.6,13.6,155.2,21.328716,103.914528
222,14.0,Sơn La,2013.0,3.0,328.0,68.0,22.3,33.4,229.2,21.328716,103.914528
223,14.0,Sơn La,2013.0,4.0,60.0,75.0,23.1,89.2,192.7,21.328716,103.914528
224,14.0,Sơn La,2013.0,5.0,19.0,81.0,25.1,183.9,225.0,21.328716,103.914528
225,14.0,Sơn La,2013.0,6.0,2.0,83.0,25.1,201.4,184.5,21.328716,103.914528
226,14.0,Sơn La,2013.0,9.0,1.0,84.0,23.7,120.4,153.9,21.328716,103.914528
227,14.0,Sơn La,2013.0,10.0,4.0,79.0,21.1,22.4,163.1,21.328716,103.914528
228,14.0,Sơn La,2013.0,11.0,4.0,79.0,19.6,0.5,129.1,21.328716,103.914528
229,14.0,Sơn La,2013.0,12.0,43.0,77.0,13.0,109.3,179.5,21.328716,103.914528
230,14.0,Sơn La,2014.0,1.0,83.0,77.0,14.4,1.4,188.4,21.328716,103.914528
231,14.0,Sơn La,2014.0,2.0,259.0,72.0,16.8,21.4,183.1,21.328716,103.914528
232,14.0,Sơn La,2014.0,3.0,487.0,74.0,21.4,36.5,183.2,21.328716,103.914528
233,14.0,Sơn La,2014.0,4.0,100.0,75.0,25.3,75.1,208.8,21.328716,103.914528
234,14.0,Sơn La,2014.0,5.0,22.0,75.0,25.8,129.6,242.2,21.328716,103.914528
235,14.0,Sơn La,2014.0,6.0,3.0,84.0,25.8,252.1,134.7,21.328716,103.914528
236,14.0,Sơn La,2014.0,10.0,2.0,82.0,22.0,29.0,205.1,21.328716,103.914528
237,14.0,Sơn La,2014.0,11.0,10.0,85.0,19.8,143.6,149.4,21.328716,103.914528
238,14.0,Sơn La,2015.0,1.0,55.0,80.0,14.8,76.3,181.0,21.328716,103.914528
239,14.0,Sơn La,2015.0,2.0,115.0,75.0,17.7,1.6,150.1,21.328716,103.914528
240,14.0,Sơn La,2015.0,3.0,293.0,72.0,22.5,61.3,188.1,21.328716,103.914528
241,14.0,Sơn La,2015.0,4.0,202.0,70.0,23.5,75.1,222.1,21.328716,103.914528
242,14.0,Sơn La,2015.0,5.0,39.0,68.0,27.5,42.6,291.1,21.328716,103.914528
243,14.0,Sơn La,2015.0,6.0,1.0,78.0,26.5,359.8,193.5,21.328716,103.914528
244,14.0,Sơn La,2015.0,10.0,4.0,81.0,22.7,86.0,221.2,21.328716,103.914528
245,14.0,Sơn La,2015.0,11.0,2.0,82.0,21.3,44.9,183.1,21.328716,103.914528
246,14.0,Sơn La,2015.0,12.0,1.0,87.0,15.7,101.2,103.2,21.328716,103.914528
247,14.0,Sơn La,2016.0,1.0,8.0,84.0,15.2,100.8,148.2,21.328716,103.914528
248,14.0,Sơn La,2016.0,2.0,91.0,76.0,13.9,32.8,120.2,21.328716,103.914528
249,14.0,Sơn La,2016.0,3.0,492.0,74.0,19.8,19.1,193.3,21.328716,103.914528
250,14.0,Sơn La,2016.0,4.0,336.0,71.0,25.2,160.1,258.4,21.328716,103.914528
251,14.0,Sơn La,2016.0,12.0,1.0,76.0,17.1,1.9,196.0,21.328716,103.914528
252,14.0,Sơn La,2017.0,1.0,3.0,82.0,17.1,150.8,102.3,21.328716,103.914528
253,14.0,Sơn La,2017.0,2.0,141.0,73.0,17.0,19.5,156.2,21.328716,103.914528
254,14.0,Sơn La,2017.0,3.0,452.0,70.0,21.1,83.9,200.1,21.328716,103.914528
255,14.0,Sơn La,2017.0,4.0,373.0,75.0,23.0,112.2,187.1,21.328716,103.914528
256,14.0,Sơn La,2017.0,5.0,254.0,74.0,24.6,81.1,231.1,21.328716,103.914528
257,14.0,Sơn La,2017.0,6.0,15.0,78.0,26.1,136.2,162.2,21.328716,103.914528
258,14.0,Sơn La,2017.0,7.0,11.0,84.0,25.2,227.5,157.2,21.328716,103.914528
259,14.0,Sơn La,2017.0,8.0,5.0,85.0,25.1,319.5,145.6,21.328716,103.914528
260,14.0,Sơn La,2017.0,9.0,78.0,83.0,25.2,105.4,172.4,21.328716,103.914528
261,14.0,Sơn La,2017.0,10.0,108.0,80.0,22.0,76.4,132.4,21.328716,103.914528
262,14.0,Sơn La,2017.0,11.0,172.0,81.0,18.5,10.2,137.6,21.328716,103.914528
263,14.0,Sơn La,2017.0,12.0,231.0,80.0,15.0,59.3,142.3,21.328716,103.914528
264,14.0,Sơn La,2018.0,1.0,363.0,77.0,15.7,32.4,129.6,21.328716,103.914528
265,14.0,Sơn La,2018.0,2.0,2573.0,69.0,16.2,2.8,127.1,21.328716,103.914528
266,14.0,Sơn La,2018.0,3.0,7371.0,74.0,20.2,84.0,178.3,21.328716,103.914528
267,14.0,Sơn La,2018.0,4.0,9414.0,77.0,22.7,95.1,200.3,21.328716,103.914528
268,14.0,Sơn La,2018.0,5.0,198.0,81.0,24.7,208.2,231.5,21.328716,103.914528
269,14.0,Sơn La,2018.0,6.0,18.0,85.0,25.1,313.0,125.2,21.328716,103.914528
270,14.0,Sơn La,2018.0,7.0,8.0,86.0,25.5,179.7,155.5,21.328716,103.914528
271,14.0,Sơn La,2018.0,8.0,7.0,86.0,25.0,399.2,134.6,21.328716,103.914528
272,14.0,Sơn La,2018.0,9.0,107.0,79.0,24.9,78.7,188.1,21.328716,103.914528
273,14.0,Sơn La,2018.0,10.0,72.0,78.0,22.6,63.9,190.3,21.328716,103.914528
274,14.0,Sơn La,2018.0,11.0,289.0,78.0,20.1,45.6,220.0,21.328716,103.914528
275,14.0,Sơn La,2018.0,12.0,228.0,79.0,17.0,37.0,140.0,21.328716,103.914528
276,14.0,Sơn La,2019.0,1.0,154.0,80.0,16.5,58.7,103.3,21.328716,103.914528
277,14.0,Sơn La,2019.0,2.0,4884.0,68.0,20.6,10.2,229.3,21.328716,103.914528
278,14.0,Sơn La,2019.0,3.0,12993.0,73.0,22.0,22.6,200.0,21.328716,103.914528
279,14.0,Sơn La,2019.0,4.0,24267.0,65.0,26.0,66.5,261.9,21.328716,103.914528
280,14.0,Sơn La,2019.0,5.0,175.0,75.0,26.8,128.5,234.6,21.328716,103.914528
281,14.0,Sơn La,2019.0,6.0,24.0,80.0,26.8,231.2,187.3,21.328716,103.914528
282,14.0,Sơn La,2019.0,7.0,3.0,86.0,25.9,254.2,147.0,21.328716,103.914528
283,14.0,Sơn La,2019.0,8.0,6.0,85.0,25.6,141.6,198.6,21.328716,103.914528
284,14.0,Sơn La,2019.0,9.0,18.0,80.0,24.1,24.5,212.3,21.328716,103.914528
285,14.0,Sơn La,2019.0,10.0,84.0,79.0,22.8,60.3,203.0,21.328716,103.914528
286,14.0,Sơn La,2019.0,11.0,71.0,80.0,19.7,3.3,185.1,21.328716,103.914528
287,14.0,Sơn La,2019.0,12.0,23.0,73.0,16.0,13.7,227.6,21.328716,103.914528
288,36.0,Nam Định,2011.0,5.0,6.0,81.0,26.6,180.9,160.6,20.25,106.25
289,36.0,Nam Định,2011.0,6.0,4.0,80.0,29.6,212.6,168.8,20.25,106.25
290,36.0,Nam Định,2011.0,7.0,2.0,79.0,29.6,288.4,191.2,20.25,106.25
291,36.0,Nam Định,2011.0,8.0,23.0,82.0,28.9,284.9,180.0,20.25,106.25
292,36.0,Nam Định,2011.0,9.0,5.0,85.0,27.1,477.7,112.7,20.25,106.25
293,36.0,Nam Định,2011.0,10.0,2.0,84.0,23.9,147.4,65.7,20.25,106.25
294,36.0,Nam Định,2011.0,12.0,1.0,72.0,17.0,13.1,67.9,20.25,106.25
295,36.0,Nam Định,2012.0,5.0,6.0,84.0,28.5,177.0,173.4,20.25,106.25
296,36.0,Nam Định,2012.0,6.0,4.0,78.0,30.0,208.5,117.5,20.25,106.25
297,36.0,Nam Định,2012.0,7.0,2.0,80.0,29.7,263.5,175.8,20.25,106.25
298,36.0,Nam Định,2012.0,8.0,23.0,84.0,28.7,328.4,158.9,20.25,106.25
299,36.0,Nam Định,2012.0,9.0,5.0,83.0,27.1,320.2,131.2,20.25,106.25
300,36.0,Nam Định,2012.0,10.0,2.0,80.0,26.1,173.7,112.6,20.25,106.25
301,36.0,Nam Định,2012.0,12.0,1.0,85.0,18.9,35.3,42.7,20.25,106.25
302,36.0,Nam Định,2013.0,5.0,6.0,83.0,28.5,140.9,175.7,20.25,106.25
303,36.0,Nam Định,2013.0,6.0,4.0,79.0,29.3,151.7,167.8,20.25,106.25
304,36.0,Nam Định,2013.0,7.0,2.0,86.0,28.5,423.8,131.7,20.25,106.25
305,36.0,Nam Định,2013.0,8.0,23.0,85.0,28.8,332.7,153.8,20.25,106.25
306,36.0,Nam Định,2013.0,9.0,5.0,88.0,26.4,378.6,90.3,20.25,106.25
307,36.0,Nam Định,2013.0,10.0,2.0,79.0,25.0,115.8,123.9,20.25,106.25
308,36.0,Nam Định,2013.0,12.0,1.0,76.0,15.4,15.0,154.5,20.25,106.25
309,36.0,Nam Định,2014.0,5.0,6.0,81.0,28.6,168.5,191.0,20.25,106.25
310,36.0,Nam Định,2014.0,6.0,4.0,82.0,29.9,218.5,152.0,20.25,106.25
311,36.0,Nam Định,2014.0,7.0,2.0,83.0,29.5,274.4,135.4,20.25,106.25
312,36.0,Nam Định,2014.0,8.0,23.0,85.0,28.6,246.4,112.3,20.25,106.25
313,36.0,Nam Định,2014.0,9.0,5.0,82.0,28.7,288.3,187.1,20.25,106.25
314,36.0,Nam Định,2014.0,10.0,2.0,79.0,26.3,185.5,137.3,20.25,106.25
315,36.0,Nam Định,2014.0,12.0,1.0,75.0,16.9,20.5,83.5,20.25,106.25
316,36.0,Nam Định,2015.0,5.0,6.0,79.0,30.0,88.2,233.7,20.25,106.25
317,36.0,Nam Định,2015.0,6.0,4.0,76.0,30.8,146.0,227.7,20.25,106.25
318,36.0,Nam Định,2015.0,7.0,2.0,76.0,29.5,113.8,136.5,20.25,106.25
319,36.0,Nam Định,2015.0,8.0,23.0,79.0,29.6,271.6,191.8,20.25,106.25
320,36.0,Nam Định,2015.0,9.0,5.0,86.0,28.1,348.6,134.8,20.25,106.25
321,36.0,Nam Định,2015.0,10.0,2.0,79.0,26.3,81.0,147.7,20.25,106.25
322,36.0,Nam Định,2015.0,12.0,1.0,84.0,18.4,42.5,50.4,20.25,106.25
323,36.0,Nam Định,2016.0,5.0,6.0,82.0,28.4,116.7,155.4,20.25,106.25
324,36.0,Nam Định,2016.0,6.0,4.0,77.0,30.7,92.0,221.4,20.25,106.25
325,36.0,Nam Định,2016.0,7.0,2.0,79.0,30.3,296.7,177.5,20.25,106.25
326,36.0,Nam Định,2016.0,8.0,23.0,83.0,29.2,446.2,131.6,20.25,106.25
327,36.0,Nam Định,2016.0,9.0,5.0,82.0,28.5,220.9,118.1,20.25,106.25
328,36.0,Nam Định,2016.0,10.0,2.0,80.0,27.1,78.3,146.9,20.25,106.25
329,36.0,Nam Định,2016.0,12.0,1.0,75.0,20.5,1.9,95.7,20.25,106.25
330,36.0,Nam Định,2017.0,5.0,6.0,82.0,27.1,78.1,154.7,20.25,106.25
331,36.0,Nam Định,2017.0,6.0,4.0,80.0,29.8,251.0,144.4,20.25,106.25
332,36.0,Nam Định,2017.0,7.0,2.0,84.0,28.9,393.0,107.3,20.25,106.25
333,36.0,Nam Định,2017.0,8.0,23.0,85.0,29.1,375.5,125.9,20.25,106.25
334,36.0,Nam Định,2017.0,9.0,5.0,87.0,28.7,388.8,148.1,20.25,106.25
335,36.0,Nam Định,2017.0,10.0,2.0,83.0,25.1,502.2,89.3,20.25,106.25
336,36.0,Nam Định,2017.0,12.0,1.0,77.0,17.5,34.9,79.0,20.25,106.25
337,36.0,Nam Định,2018.0,1.0,3.0,84.0,17.7,14.1,26.2,20.25,106.25
338,36.0,Nam Định,2018.0,2.0,3.0,78.0,17.0,10.7,42.9,20.25,106.25
339,36.0,Nam Định,2018.0,3.0,73.0,85.0,21.8,40.9,93.4,20.25,106.25
340,36.0,Nam Định,2018.0,4.0,46.0,86.0,23.7,102.0,81.2,20.25,106.25
341,36.0,Nam Định,2018.0,5.0,7.0,82.0,28.8,146.9,244.5,20.25,106.25
342,36.0,Nam Định,2018.0,6.0,8.0,75.0,30.4,86.6,174.3,20.25,106.25
343,36.0,Nam Định,2018.0,7.0,28.0,82.0,29.3,510.9,129.0,20.25,106.25
344,36.0,Nam Định,2018.0,8.0,7.0,87.0,28.4,375.3,108.8,20.25,106.25
345,36.0,Nam Định,2018.0,9.0,23.0,82.0,28.1,189.7,144.0,20.25,106.25
346,36.0,Nam Định,2018.0,10.0,9.0,82.0,25.5,225.9,146.3,20.25,106.25
347,36.0,Nam Định,2018.0,11.0,2.0,82.0,23.6,6.0,137.3,20.25,106.25
348,36.0,Nam Định,2018.0,12.0,1.0,85.0,19.1,91.1,103.8,20.25,106.25
349,36.0,Nam Định,2019.0,2.0,2.0,88.0,21.9,17.5,86.8,20.25,106.25
350,36.0,Nam Định,2019.0,3.0,3.0,89.0,22.0,38.6,44.1,20.25,106.25
351,36.0,Nam Định,2019.0,4.0,18.0,87.0,26.7,98.7,106.9,20.25,106.25
352,36.0,Nam Định,2019.0,5.0,10.0,85.0,27.7,159.9,128.5,20.25,106.25
353,36.0,Nam Định,2019.0,6.0,26.0,77.0,31.3,101.3,208.1,20.25,106.25
354,36.0,Nam Định,2019.0,7.0,3.0,77.0,30.8,73.5,176.0,20.25,106.25
355,36.0,Nam Định,2019.0,8.0,7.0,85.0,29.0,421.2,145.3,20.25,106.25
356,36.0,Nam Định,2019.0,9.0,6.0,78.0,28.4,142.8,195.3,20.25,106.25
357,36.0,Nam Định,2019.0,11.0,1.0,80.0,22.8,42.6,128.4,20.25,106.25
358,36.0,Nam Định,2019.0,12.0,2.0,76.0,19.2,1.2,146.4,20.25,106.25
359,46.0,Huế,2011.0,2.0,14.0,91.0,19.4,14.3,101.6,16.4666648,107.59999760000001
360,46.0,Huế,2011.0,3.0,6.0,92.0,18.9,167.4,73.4,16.4666648,107.59999760000001
361,46.0,Huế,2011.0,4.0,8.0,88.0,23.9,72.9,149.9,16.4666648,107.59999760000001
362,46.0,Huế,2011.0,5.0,9.0,84.0,27.1,148.9,218.9,16.4666648,107.59999760000001
363,46.0,Huế,2011.0,6.0,6.0,79.0,28.7,88.1,217.9,16.4666648,107.59999760000001
364,46.0,Huế,2011.0,7.0,4.0,76.0,29.0,16.0,216.9,16.4666648,107.59999760000001
365,46.0,Huế,2011.0,8.0,16.0,81.0,28.4,59.3,204.7,16.4666648,107.59999760000001
366,46.0,Huế,2011.0,9.0,13.0,89.0,26.7,741.5,105.7,16.4666648,107.59999760000001
367,46.0,Huế,2011.0,10.0,1.0,92.0,24.6,1259.5,84.9,16.4666648,107.59999760000001
368,46.0,Huế,2011.0,11.0,8.0,91.0,23.6,842.4,101.0,16.4666648,107.59999760000001
369,46.0,Huế,2012.0,2.0,4.0,91.0,20.0,76.1,62.7,16.4666648,107.59999760000001
370,46.0,Huế,2012.0,3.0,8.0,89.0,22.5,17.4,111.3,16.4666648,107.59999760000001
371,46.0,Huế,2012.0,4.0,11.0,83.0,26.2,51.1,180.1,16.4666648,107.59999760000001
372,46.0,Huế,2012.0,5.0,4.0,80.0,28.4,216.1,240.7,16.4666648,107.59999760000001
373,46.0,Huế,2012.0,6.0,9.0,76.0,29.2,20.4,194.4,16.4666648,107.59999760000001
374,46.0,Huế,2012.0,7.0,8.0,74.0,28.9,25.4,236.3,16.4666648,107.59999760000001
375,46.0,Huế,2012.0,8.0,5.0,74.0,29.0,168.9,231.2,16.4666648,107.59999760000001
376,46.0,Huế,2012.0,9.0,27.0,89.0,26.5,436.1,144.8,16.4666648,107.59999760000001
377,46.0,Huế,2012.0,10.0,20.0,88.0,25.4,409.2,177.8,16.4666648,107.59999760000001
378,46.0,Huế,2012.0,11.0,11.0,90.0,25.0,489.1,146.7,16.4666648,107.59999760000001
379,46.0,Huế,2012.0,12.0,12.0,91.0,22.7,304.3,108.9,16.4666648,107.59999760000001
380,46.0,Huế,2013.0,1.0,1.0,90.0,19.8,47.3,89.4,16.4666648,107.59999760000001
381,46.0,Huế,2013.0,2.0,10.0,90.0,22.9,27.2,143.4,16.4666648,107.59999760000001
382,46.0,Huế,2013.0,3.0,19.0,88.0,24.6,64.1,159.1,16.4666648,107.59999760000001
383,46.0,Huế,2013.0,4.0,12.0,86.0,26.2,25.4,159.6,16.4666648,107.59999760000001
384,46.0,Huế,2013.0,5.0,4.0,79.0,28.7,43.4,261.0,16.4666648,107.59999760000001
385,46.0,Huế,2013.0,6.0,5.0,79.0,28.4,96.0,225.7,16.4666648,107.59999760000001
386,46.0,Huế,2013.0,7.0,5.0,83.0,27.9,117.9,207.0,16.4666648,107.59999760000001
387,46.0,Huế,2013.0,8.0,8.0,80.0,28.3,39.3,181.5,16.4666648,107.59999760000001
388,46.0,Huế,2013.0,9.0,5.0,89.0,26.6,569.0,129.2,16.4666648,107.59999760000001
389,46.0,Huế,2013.0,10.0,9.0,91.0,24.6,517.1,115.5,16.4666648,107.59999760000001
390,46.0,Huế,2013.0,11.0,1.0,93.0,23.6,1089.0,77.0,16.4666648,107.59999760000001
391,46.0,Huế,2014.0,1.0,14.0,90.0,18.7,76.3,108.2,16.4666648,107.59999760000001
392,46.0,Huế,2014.0,2.0,15.0,91.0,20.4,28.6,135.0,16.4666648,107.59999760000001
393,46.0,Huế,2014.0,3.0,13.0,91.0,23.0,16.9,109.1,16.4666648,107.59999760000001
394,46.0,Huế,2014.0,4.0,14.0,85.0,27.2,5.3,195.2,16.4666648,107.59999760000001
395,46.0,Huế,2014.0,5.0,11.0,78.0,29.3,79.5,274.7,16.4666648,107.59999760000001
396,46.0,Huế,2014.0,6.0,1.0,72.0,30.3,6.7,222.2,16.4666648,107.59999760000001
397,46.0,Huế,2014.0,7.0,2.0,80.0,29.0,224.7,232.5,16.4666648,107.59999760000001
398,46.0,Huế,2014.0,8.0,9.0,79.0,28.6,135.6,207.4,16.4666648,107.59999760000001
399,46.0,Huế,2014.0,9.0,12.0,84.0,27.8,44.9,216.0,16.4666648,107.59999760000001
400,46.0,Huế,2014.0,10.0,7.0,90.0,25.2,694.6,147.3,16.4666648,107.59999760000001
401,46.0,Huế,2014.0,11.0,11.0,91.0,24.6,225.0,148.4,16.4666648,107.59999760000001
402,46.0,Huế,2015.0,1.0,7.0,89.0,19.5,71.1,120.1,16.4666648,107.59999760000001
403,46.0,Huế,2015.0,2.0,4.0,90.0,21.8,64.2,135.3,16.4666648,107.59999760000001
404,46.0,Huế,2015.0,3.0,14.0,88.0,25.1,180.5,167.7,16.4666648,107.59999760000001
405,46.0,Huế,2015.0,4.0,10.0,87.0,25.8,151.7,199.1,16.4666648,107.59999760000001
406,46.0,Huế,2015.0,5.0,9.0,77.0,29.5,40.5,287.3,16.4666648,107.59999760000001
407,46.0,Huế,2015.0,6.0,5.0,76.0,29.5,33.8,270.1,16.4666648,107.59999760000001
408,46.0,Huế,2015.0,7.0,4.0,81.0,28.2,69.0,133.9,16.4666648,107.59999760000001
409,46.0,Huế,2015.0,8.0,15.0,80.0,28.9,51.7,256.5,16.4666648,107.59999760000001
410,46.0,Huế,2015.0,9.0,25.0,85.0,28.3,246.6,225.2,16.4666648,107.59999760000001
411,46.0,Huế,2015.0,10.0,30.0,90.0,25.1,457.6,166.2,16.4666648,107.59999760000001
412,46.0,Huế,2015.0,11.0,10.0,90.0,25.4,526.6,170.5,16.4666648,107.59999760000001
413,46.0,Huế,2015.0,12.0,8.0,92.0,21.8,313.0,105.1,16.4666648,107.59999760000001
414,46.0,Huế,2016.0,1.0,2.0,93.0,20.9,124.3,48.9,16.4666648,107.59999760000001
415,46.0,Huế,2016.0,2.0,18.0,90.0,18.3,86.4,66.5,16.4666648,107.59999760000001
416,46.0,Huế,2016.0,3.0,41.0,91.0,22.4,24.8,121.2,16.4666648,107.59999760000001
417,46.0,Huế,2016.0,4.0,70.0,86.0,27.3,26.2,191.6,16.4666648,107.59999760000001
418,46.0,Huế,2016.0,5.0,25.0,82.0,28.5,108.0,218.0,16.4666648,107.59999760000001
419,46.0,Huế,2016.0,6.0,16.0,80.0,29.4,102.4,249.4,16.4666648,107.59999760000001
420,46.0,Huế,2016.0,7.0,14.0,80.0,29.2,84.4,267.7,16.4666648,107.59999760000001
421,46.0,Huế,2016.0,8.0,13.0,80.0,29.2,165.9,198.2,16.4666648,107.59999760000001
422,46.0,Huế,2016.0,9.0,18.0,87.0,27.8,661.9,163.9,16.4666648,107.59999760000001
423,46.0,Huế,2016.0,10.0,22.0,90.0,26.6,618.6,131.5,16.4666648,107.59999760000001
424,46.0,Huế,2016.0,11.0,7.0,91.0,24.6,577.3,76.3,16.4666648,107.59999760000001
425,46.0,Huế,2017.0,3.0,16.0,92.0,23.5,47.3,145.1,16.4666648,107.59999760000001
426,46.0,Huế,2017.0,4.0,75.0,88.0,25.8,30.3,169.8,16.4666648,107.59999760000001
427,46.0,Huế,2017.0,5.0,39.0,86.0,27.5,231.5,179.4,16.4666648,107.59999760000001
428,46.0,Huế,2017.0,6.0,93.0,80.0,29.4,106.4,262.1,16.4666648,107.59999760000001
429,46.0,Huế,2017.0,7.0,28.0,85.0,28.1,359.3,194.5,16.4666648,107.59999760000001
430,46.0,Huế,2017.0,8.0,67.0,82.0,28.8,133.9,238.4,16.4666648,107.59999760000001
431,46.0,Huế,2017.0,9.0,62.0,85.0,28.1,216.5,225.7,16.4666648,107.59999760000001
432,46.0,Huế,2017.0,10.0,38.0,90.0,25.2,384.5,98.1,16.4666648,107.59999760000001
433,46.0,Huế,2017.0,11.0,14.0,94.0,22.8,1773.0,63.7,16.4666648,107.59999760000001
434,46.0,Huế,2018.0,1.0,23.0,92.0,20.3,160.3,42.3,16.4666648,107.59999760000001
435,46.0,Huế,2018.0,2.0,195.0,90.0,19.2,47.9,88.2,16.4666648,107.59999760000001
436,46.0,Huế,2018.0,3.0,539.0,88.0,23.0,20.8,156.0,16.4666648,107.59999760000001
437,46.0,Huế,2018.0,4.0,549.0,87.0,24.7,208.1,179.0,16.4666648,107.59999760000001
438,46.0,Huế,2018.0,5.0,90.0,82.0,28.2,24.2,279.0,16.4666648,107.59999760000001
439,46.0,Huế,2018.0,6.0,22.0,80.0,29.1,161.9,191.3,16.4666648,107.59999760000001
440,46.0,Huế,2018.0,7.0,15.0,84.0,28.4,158.1,162.8,16.4666648,107.59999760000001
441,46.0,Huế,2018.0,8.0,76.0,81.0,28.7,22.5,188.0,16.4666648,107.59999760000001
442,46.0,Huế,2018.0,9.0,119.0,85.0,27.7,216.7,232.9,16.4666648,107.59999760000001
443,46.0,Huế,2018.0,10.0,91.0,88.0,25.6,267.2,224.1,16.4666648,107.59999760000001
444,46.0,Huế,2018.0,11.0,60.0,91.0,24.1,484.5,132.3,16.4666648,107.59999760000001
445,46.0,Huế,2018.0,12.0,20.0,93.0,22.4,745.1,77.8,16.4666648,107.59999760000001
446,46.0,Huế,2019.0,1.0,18.0,94.0,20.4,215.2,81.0,16.4666648,107.59999760000001
447,46.0,Huế,2019.0,2.0,642.0,89.0,24.1,0.1,203.9,16.4666648,107.59999760000001
448,46.0,Huế,2019.0,3.0,795.0,89.0,25.5,8.6,157.6,16.4666648,107.59999760000001
449,46.0,Huế,2019.0,4.0,498.0,81.0,28.7,0.7,229.8,16.4666648,107.59999760000001
450,46.0,Huế,2019.0,5.0,122.0,82.0,29.0,125.1,236.0,16.4666648,107.59999760000001
451,46.0,Huế,2019.0,6.0,59.0,74.0,31.1,4.5,293.3,16.4666648,107.59999760000001
452,46.0,Huế,2019.0,7.0,21.0,75.0,29.9,80.7,231.4,16.4666648,107.59999760000001
453,46.0,Huế,2019.0,8.0,25.0,76.0,29.6,213.6,166.0,16.4666648,107.59999760000001
454,46.0,Huế,2019.0,9.0,57.0,89.0,26.8,584.5,147.3,16.4666648,107.59999760000001
455,46.0,Huế,2019.0,10.0,164.0,89.0,26.0,333.3,225.8,16.4666648,107.59999760000001
456,46.0,Huế,2019.0,11.0,35.0,91.0,23.8,376.6,118.8,16.4666648,107.59999760000001
457,46.0,Huế,2019.0,12.0,30.0,90.0,21.4,41.7,99.1,16.4666648,107.59999760000001
458,48.0,Đà Nẵng,2011.0,6.0,9.0,74.0,29.3,100.5,222.9,16.031944,108.220556
459,48.0,Đà Nẵng,2011.0,7.0,6.0,70.0,29.7,12.8,232.8,16.031944,108.220556
460,48.0,Đà Nẵng,2011.0,8.0,13.0,75.0,29.2,139.1,231.1,16.031944,108.220556
461,48.0,Đà Nẵng,2011.0,9.0,31.0,87.0,26.9,812.1,105.5,16.031944,108.220556
462,48.0,Đà Nẵng,2011.0,10.0,8.0,86.0,25.6,791.3,107.7,16.031944,108.220556
463,48.0,Đà Nẵng,2011.0,11.0,1.0,85.0,24.6,1218.0,115.3,16.031944,108.220556
464,48.0,Đà Nẵng,2011.0,12.0,1.0,88.0,20.8,339.2,18.1,16.031944,108.220556
465,48.0,Đà Nẵng,2012.0,6.0,9.0,69.0,30.6,46.1,183.5,16.031944,108.220556
466,48.0,Đà Nẵng,2012.0,7.0,6.0,72.0,29.5,32.0,242.0,16.031944,108.220556
467,48.0,Đà Nẵng,2012.0,8.0,13.0,72.0,29.7,180.5,219.4,16.031944,108.220556
468,48.0,Đà Nẵng,2012.0,9.0,31.0,85.0,27.4,581.7,168.5,16.031944,108.220556
469,48.0,Đà Nẵng,2012.0,10.0,8.0,83.0,26.3,367.5,162.5,16.031944,108.220556
470,48.0,Đà Nẵng,2012.0,11.0,1.0,86.0,26.0,302.4,156.2,16.031944,108.220556
471,48.0,Đà Nẵng,2012.0,12.0,1.0,84.0,24.5,59.5,132.5,16.031944,108.220556
472,48.0,Đà Nẵng,2013.0,6.0,9.0,72.0,29.6,25.2,237.4,16.031944,108.220556
473,48.0,Đà Nẵng,2013.0,7.0,6.0,79.0,28.6,131.5,214.5,16.031944,108.220556
474,48.0,Đà Nẵng,2013.0,8.0,13.0,77.0,29.3,80.7,164.0,16.031944,108.220556
475,48.0,Đà Nẵng,2013.0,9.0,31.0,85.0,27.1,750.8,145.3,16.031944,108.220556
476,48.0,Đà Nẵng,2013.0,10.0,8.0,83.0,26.0,369.4,136.5,16.031944,108.220556
477,48.0,Đà Nẵng,2013.0,11.0,1.0,85.0,25.2,760.3,110.8,16.031944,108.220556
478,48.0,Đà Nẵng,2013.0,12.0,1.0,80.0,20.8,34.4,51.1,16.031944,108.220556
479,48.0,Đà Nẵng,2014.0,6.0,9.0,70.0,30.8,82.4,224.0,16.031944,108.220556
480,48.0,Đà Nẵng,2014.0,7.0,6.0,78.0,29.3,183.6,231.1,16.031944,108.220556
481,48.0,Đà Nẵng,2014.0,8.0,13.0,75.0,29.3,180.8,220.7,16.031944,108.220556
482,48.0,Đà Nẵng,2014.0,9.0,31.0,80.0,28.7,111.5,225.2,16.031944,108.220556
483,48.0,Đà Nẵng,2014.0,10.0,8.0,84.0,26.4,819.4,166.0,16.031944,108.220556
484,48.0,Đà Nẵng,2014.0,11.0,1.0,85.0,25.9,288.1,148.9,16.031944,108.220556
485,48.0,Đà Nẵng,2014.0,12.0,1.0,89.0,21.7,399.1,28.2,16.031944,108.220556
486,48.0,Đà Nẵng,2015.0,6.0,9.0,75.0,29.8,24.8,264.4,16.031944,108.220556
487,48.0,Đà Nẵng,2015.0,7.0,6.0,73.0,29.6,36.8,143.7,16.031944,108.220556
488,48.0,Đà Nẵng,2015.0,8.0,13.0,78.0,29.2,190.9,262.2,16.031944,108.220556
489,48.0,Đà Nẵng,2015.0,9.0,31.0,80.0,28.8,416.0,240.0,16.031944,108.220556
490,48.0,Đà Nẵng,2015.0,10.0,8.0,82.0,26.6,356.1,192.8,16.031944,108.220556
491,48.0,Đà Nẵng,2015.0,11.0,1.0,84.0,26.7,328.2,172.9,16.031944,108.220556
492,48.0,Đà Nẵng,2015.0,12.0,1.0,86.0,23.9,179.8,136.3,16.031944,108.220556
493,48.0,Đà Nẵng,2016.0,6.0,9.0,74.0,30.1,47.0,263.1,16.031944,108.220556
494,48.0,Đà Nẵng,2016.0,7.0,6.0,75.0,29.8,54.3,288.2,16.031944,108.220556
495,48.0,Đà Nẵng,2016.0,8.0,13.0,76.0,30.2,145.0,224.5,16.031944,108.220556
496,48.0,Đà Nẵng,2016.0,9.0,31.0,82.0,28.6,783.3,189.9,16.031944,108.220556
497,48.0,Đà Nẵng,2016.0,10.0,8.0,83.0,27.5,411.2,170.6,16.031944,108.220556
498,48.0,Đà Nẵng,2016.0,11.0,1.0,85.0,25.8,336.8,111.4,16.031944,108.220556
499,48.0,Đà Nẵng,2016.0,12.0,1.0,89.0,23.2,758.7,39.7,16.031944,108.220556
500,48.0,Đà Nẵng,2017.0,6.0,9.0,74.0,30.3,33.6,288.3,16.031944,108.220556
501,48.0,Đà Nẵng,2017.0,7.0,6.0,80.0,28.6,248.2,188.1,16.031944,108.220556
502,48.0,Đà Nẵng,2017.0,8.0,13.0,77.0,29.7,178.7,254.5,16.031944,108.220556
503,48.0,Đà Nẵng,2017.0,9.0,31.0,79.0,28.9,198.0,243.9,16.031944,108.220556
504,48.0,Đà Nẵng,2017.0,10.0,8.0,83.0,26.7,363.5,133.0,16.031944,108.220556
505,48.0,Đà Nẵng,2017.0,11.0,1.0,89.0,24.9,776.6,83.2,16.031944,108.220556
506,48.0,Đà Nẵng,2017.0,12.0,1.0,84.0,22.2,163.5,53.5,16.031944,108.220556
507,48.0,Đà Nẵng,2018.0,1.0,5.0,86.0,22.3,22.8,56.3,16.031944,108.220556
508,48.0,Đà Nẵng,2018.0,2.0,83.0,81.0,21.5,11.9,138.3,16.031944,108.220556
509,48.0,Đà Nẵng,2018.0,3.0,116.0,82.0,24.2,30.3,162.8,16.031944,108.220556
510,48.0,Đà Nẵng,2018.0,4.0,126.0,82.0,25.9,146.1,220.0,16.031944,108.220556
511,48.0,Đà Nẵng,2018.0,5.0,3.0,79.0,28.9,5.2,283.0,16.031944,108.220556
512,48.0,Đà Nẵng,2018.0,6.0,8.0,74.0,29.8,150.7,181.9,16.031944,108.220556
513,48.0,Đà Nẵng,2018.0,7.0,15.0,75.0,29.6,184.4,169.3,16.031944,108.220556
514,48.0,Đà Nẵng,2018.0,8.0,16.0,72.0,30.1,55.4,172.2,16.031944,108.220556
515,48.0,Đà Nẵng,2018.0,9.0,33.0,77.0,28.9,139.6,248.0,16.031944,108.220556
516,48.0,Đà Nẵng,2018.0,10.0,54.0,79.0,27.0,253.4,206.7,16.031944,108.220556
517,48.0,Đà Nẵng,2018.0,11.0,4.0,82.0,25.8,260.6,143.8,16.031944,108.220556
518,48.0,Đà Nẵng,2018.0,12.0,1.0,87.0,24.2,1278.7,80.9,16.031944,108.220556
519,48.0,Đà Nẵng,2019.0,1.0,3.0,86.0,22.4,270.3,103.4,16.031944,108.220556
520,48.0,Đà Nẵng,2019.0,2.0,172.0,82.0,25.0,1.4,224.0,16.031944,108.220556
521,48.0,Đà Nẵng,2019.0,3.0,117.0,82.0,26.3,34.4,191.0,16.031944,108.220556
522,48.0,Đà Nẵng,2019.0,5.0,16.0,74.0,29.8,53.0,258.0,16.031944,108.220556
523,48.0,Đà Nẵng,2019.0,6.0,24.0,70.0,31.4,11.2,280.1,16.031944,108.220556
524,48.0,Đà Nẵng,2019.0,7.0,5.0,69.0,30.9,65.1,228.8,16.031944,108.220556
525,48.0,Đà Nẵng,2019.0,8.0,20.0,71.0,30.2,174.0,193.7,16.031944,108.220556
526,48.0,Đà Nẵng,2019.0,9.0,13.0,80.0,27.9,307.7,163.9,16.031944,108.220556
527,48.0,Đà Nẵng,2019.0,10.0,34.0,81.0,27.1,637.8,212.8,16.031944,108.220556
528,48.0,Đà Nẵng,2019.0,11.0,1.0,81.0,25.3,464.9,126.7,16.031944,108.220556
529,77.0,Vũng Tàu,2011.0,1.0,1.0,77.0,25.8,1.2,158.2,10.3459,107.08426000000001
530,77.0,Vũng Tàu,2011.0,3.0,6.0,75.0,27.3,1.5,202.8,10.3459,107.08426000000001
531,77.0,Vũng Tàu,2011.0,4.0,4.0,77.0,27.7,80.1,249.9,10.3459,107.08426000000001
532,77.0,Vũng Tàu,2011.0,5.0,2.0,80.0,29.0,193.0,222.4,10.3459,107.08426000000001
533,77.0,Vũng Tàu,2011.0,11.0,3.0,78.0,27.7,171.5,200.1,10.3459,107.08426000000001
534,77.0,Vũng Tàu,2012.0,1.0,10.0,77.0,26.2,0.2,205.8,10.3459,107.08426000000001
535,77.0,Vũng Tàu,2012.0,2.0,4.0,77.0,26.7,35.9,249.5,10.3459,107.08426000000001
536,77.0,Vũng Tàu,2012.0,3.0,12.0,76.0,28.3,31.6,256.6,10.3459,107.08426000000001
537,77.0,Vũng Tàu,2012.0,4.0,3.0,79.0,28.7,261.8,265.5,10.3459,107.08426000000001
538,77.0,Vũng Tàu,2012.0,6.0,2.0,79.0,28.5,141.3,197.0,10.3459,107.08426000000001
539,77.0,Vũng Tàu,2012.0,11.0,1.0,77.0,28.3,11.1,213.9,10.3459,107.08426000000001
540,77.0,Vũng Tàu,2012.0,12.0,2.0,73.0,27.9,20.8,225.6,10.3459,107.08426000000001
541,77.0,Vũng Tàu,2013.0,2.0,2.0,73.0,27.1,0.9,232.7,10.3459,107.08426000000001
542,77.0,Vũng Tàu,2013.0,4.0,2.0,75.0,29.7,104.0,203.5,10.3459,107.08426000000001
543,77.0,Vũng Tàu,2013.0,6.0,1.0,79.0,28.7,192.1,157.8,10.3459,107.08426000000001
544,77.0,Vũng Tàu,2013.0,12.0,2.0,77.0,26.3,18.9,147.8,10.3459,107.08426000000001
545,77.0,Vũng Tàu,2014.0,4.0,1.0,74.0,29.6,39.2,272.7,10.3459,107.08426000000001
546,77.0,Vũng Tàu,2014.0,11.0,1.0,77.0,28.3,11.4,238.2,10.3459,107.08426000000001
547,77.0,Vũng Tàu,2014.0,12.0,1.0,75.0,27.1,39.6,161.1,10.3459,107.08426000000001
548,77.0,Vũng Tàu,2015.0,1.0,2.0,77.0,25.2,2.5,217.5,10.3459,107.08426000000001
549,77.0,Vũng Tàu,2015.0,4.0,1.0,75.0,29.0,13.8,295.3,10.3459,107.08426000000001
550,77.0,Vũng Tàu,2015.0,10.0,1.0,79.0,28.4,241.3,228.0,10.3459,107.08426000000001
551,77.0,Vũng Tàu,2015.0,11.0,1.0,75.0,28.8,5.1,245.4,10.3459,107.08426000000001
552,77.0,Vũng Tàu,2015.0,12.0,1.0,74.0,27.8,4.8,224.8,10.3459,107.08426000000001
553,77.0,Vũng Tàu,2016.0,7.0,2.0,79.0,28.9,136.7,240.3,10.3459,107.08426000000001
554,77.0,Vũng Tàu,2017.0,1.0,3.0,77.0,26.7,109.6,183.4,10.3459,107.08426000000001
555,77.0,Vũng Tàu,2017.0,3.0,4.0,74.0,27.5,0.0,286.4,10.3459,107.08426000000001
556,77.0,Vũng Tàu,2017.0,4.0,6.0,74.0,29.2,43.5,287.5,10.3459,107.08426000000001
557,77.0,Vũng Tàu,2017.0,5.0,10.0,79.0,29.5,169.9,238.8,10.3459,107.08426000000001
558,77.0,Vũng Tàu,2017.0,6.0,23.0,80.0,28.8,352.5,200.3,10.3459,107.08426000000001
559,77.0,Vũng Tàu,2017.0,7.0,13.0,82.0,27.9,226.1,187.4,10.3459,107.08426000000001
560,77.0,Vũng Tàu,2017.0,8.0,57.0,82.0,28.4,166.6,233.8,10.3459,107.08426000000001
561,77.0,Vũng Tàu,2017.0,9.0,23.0,80.0,28.8,200.9,225.5,10.3459,107.08426000000001
562,77.0,Vũng Tàu,2017.0,10.0,30.0,81.0,27.9,362.2,149.1,10.3459,107.08426000000001
563,77.0,Vũng Tàu,2017.0,11.0,46.0,81.0,27.7,51.6,180.2,10.3459,107.08426000000001
564,77.0,Vũng Tàu,2017.0,12.0,80.0,76.0,26.7,26.4,198.3,10.3459,107.08426000000001
565,77.0,Vũng Tàu,2018.0,1.0,69.0,79.0,26.5,7.3,176.2,10.3459,107.08426000000001
566,77.0,Vũng Tàu,2018.0,3.0,522.0,76.0,27.6,2.4,281.5,10.3459,107.08426000000001
567,77.0,Vũng Tàu,2018.0,4.0,343.0,76.0,28.7,1.2,296.1,10.3459,107.08426000000001
568,77.0,Vũng Tàu,2018.0,5.0,45.0,77.0,29.8,163.6,238.7,10.3459,107.08426000000001
569,77.0,Vũng Tàu,2018.0,6.0,21.0,79.0,28.5,222.9,196.0,10.3459,107.08426000000001
570,77.0,Vũng Tàu,2018.0,7.0,48.0,80.0,28.1,180.8,191.3,10.3459,107.08426000000001
571,77.0,Vũng Tàu,2018.0,8.0,31.0,79.0,28.1,168.6,182.3,10.3459,107.08426000000001
572,77.0,Vũng Tàu,2018.0,9.0,57.0,81.0,28.1,334.9,205.0,10.3459,107.08426000000001
573,77.0,Vũng Tàu,2018.0,10.0,65.0,79.0,28.2,232.0,220.5,10.3459,107.08426000000001
574,77.0,Vũng Tàu,2018.0,11.0,93.0,78.0,27.8,234.3,195.1,10.3459,107.08426000000001
575,77.0,Vũng Tàu,2018.0,12.0,34.0,79.0,27.6,23.3,170.5,10.3459,107.08426000000001
576,77.0,Vũng Tàu,2019.0,1.0,133.0,74.0,26.8,4.4,238.5,10.3459,107.08426000000001
577,77.0,Vũng Tàu,2019.0,4.0,499.0,73.0,30.0,8.6,299.7,10.3459,107.08426000000001
578,77.0,Vũng Tàu,2019.0,5.0,41.0,77.0,29.9,96.5,257.7,10.3459,107.08426000000001
579,77.0,Vũng Tàu,2019.0,6.0,15.0,77.0,29.3,199.6,200.3,10.3459,107.08426000000001
580,77.0,Vũng Tàu,2019.0,7.0,39.0,80.0,28.3,149.4,204.9,10.3459,107.08426000000001
581,77.0,Vũng Tàu,2019.0,8.0,37.0,81.0,28.2,225.1,203.0,10.3459,107.08426000000001
582,77.0,Vũng Tàu,2019.0,9.0,44.0,79.0,28.2,158.3,174.6,10.3459,107.08426000000001
583,77.0,Vũng Tàu,2019.0,10.0,70.0,75.0,29.0,80.3,246.3,10.3459,107.08426000000001
584,77.0,Vũng Tàu,2019.0,11.0,6.0,79.0,27.4,145.7,200.5,10.3459,107.08426000000001
585,84.0,Vinh,2011.0,6.0,16.0,70.0,30.5,93.2,222.1,18.673370000000002,105.69232
586,84.0,Vinh,2011.0,7.0,2.0,74.0,29.7,378.0,200.7,18.673370000000002,105.69232
587,84.0,Vinh,2011.0,8.0,27.0,80.0,28.6,40.3,186.7,18.673370000000002,105.69232
588,84.0,Vinh,2011.0,9.0,7.0,85.0,27.2,741.4,98.0,18.673370000000002,105.69232
589,84.0,Vinh,2011.0,10.0,16.0,88.0,23.9,341.1,41.4,18.673370000000002,105.69232
590,84.0,Vinh,2011.0,11.0,7.0,86.0,23.3,343.8,70.4,18.673370000000002,105.69232
591,84.0,Vinh,2011.0,12.0,28.0,84.0,17.1,51.4,10.8,18.673370000000002,105.69232
592,84.0,Vinh,2012.0,6.0,16.0,68.0,30.6,125.1,145.0,18.673370000000002,105.69232
593,84.0,Vinh,2012.0,7.0,2.0,68.0,30.5,84.9,228.9,18.673370000000002,105.69232
594,84.0,Vinh,2012.0,8.0,27.0,76.0,29.5,140.4,197.9,18.673370000000002,105.69232
595,84.0,Vinh,2012.0,9.0,7.0,84.0,27.1,721.5,143.0,18.673370000000002,105.69232
596,84.0,Vinh,2012.0,10.0,16.0,84.0,26.1,60.7,135.1,18.673370000000002,105.69232
597,84.0,Vinh,2012.0,11.0,7.0,87.0,24.2,230.0,98.6,18.673370000000002,105.69232
598,84.0,Vinh,2012.0,12.0,28.0,87.0,20.5,95.6,57.6,18.673370000000002,105.69232
599,84.0,Vinh,2013.0,6.0,16.0,71.0,29.8,328.4,224.3,18.673370000000002,105.69232
600,84.0,Vinh,2013.0,7.0,2.0,80.0,29.1,175.4,191.4,18.673370000000002,105.69232
601,84.0,Vinh,2013.0,8.0,27.0,78.0,29.2,152.6,175.8,18.673370000000002,105.69232
602,84.0,Vinh,2013.0,9.0,7.0,86.0,26.9,831.7,66.0,18.673370000000002,105.69232
603,84.0,Vinh,2013.0,10.0,16.0,85.0,24.8,526.2,97.6,18.673370000000002,105.69232
604,84.0,Vinh,2013.0,11.0,7.0,89.0,22.1,164.9,40.0,18.673370000000002,105.69232
605,84.0,Vinh,2013.0,12.0,28.0,82.0,16.5,68.9,73.6,18.673370000000002,105.69232
606,84.0,Vinh,2014.0,6.0,16.0,73.0,31.0,272.7,188.5,18.673370000000002,105.69232
607,84.0,Vinh,2014.0,7.0,2.0,75.0,30.4,110.7,222.9,18.673370000000002,105.69232
608,84.0,Vinh,2014.0,8.0,27.0,76.0,29.7,168.5,162.8,18.673370000000002,105.69232
609,84.0,Vinh,2014.0,9.0,7.0,84.0,28.4,194.6,182.4,18.673370000000002,105.69232
610,84.0,Vinh,2014.0,10.0,16.0,87.0,25.6,472.9,103.5,18.673370000000002,105.69232
611,84.0,Vinh,2014.0,11.0,7.0,89.0,23.7,63.6,93.5,18.673370000000002,105.69232
612,84.0,Vinh,2014.0,12.0,28.0,84.0,17.9,65.1,41.2,18.673370000000002,105.69232
613,84.0,Vinh,2015.0,6.0,16.0,69.0,31.6,121.0,278.8,18.673370000000002,105.69232
614,84.0,Vinh,2015.0,7.0,2.0,71.0,29.7,90.1,117.3,18.673370000000002,105.69232
615,84.0,Vinh,2015.0,8.0,27.0,77.0,29.6,50.0,231.2,18.673370000000002,105.69232
616,84.0,Vinh,2015.0,9.0,7.0,81.0,28.8,368.1,175.5,18.673370000000002,105.69232
617,84.0,Vinh,2015.0,10.0,16.0,81.0,26.0,159.6,161.9,18.673370000000002,105.69232
618,84.0,Vinh,2015.0,11.0,7.0,87.0,24.9,219.0,111.3,18.673370000000002,105.69232
619,84.0,Vinh,2015.0,12.0,28.0,85.0,19.7,93.1,40.5,18.673370000000002,105.69232
620,84.0,Vinh,2016.0,6.0,16.0,69.0,31.6,9.7,251.4,18.673370000000002,105.69232
621,84.0,Vinh,2016.0,7.0,2.0,71.0,31.1,114.5,262.3,18.673370000000002,105.69232
622,84.0,Vinh,2016.0,8.0,27.0,79.0,29.6,177.3,181.6,18.673370000000002,105.69232
623,84.0,Vinh,2016.0,9.0,7.0,85.0,27.8,741.4,111.7,18.673370000000002,105.69232
624,84.0,Vinh,2016.0,10.0,16.0,87.0,26.5,563.9,88.8,18.673370000000002,105.69232
625,84.0,Vinh,2016.0,11.0,7.0,87.0,22.9,287.5,67.4,18.673370000000002,105.69232
626,84.0,Vinh,2016.0,12.0,28.0,84.0,20.4,30.9,38.5,18.673370000000002,105.69232
627,84.0,Vinh,2017.0,6.0,16.0,74.0,30.9,49.9,214.4,18.673370000000002,105.69232
628,84.0,Vinh,2017.0,7.0,2.0,79.0,29.3,383.5,162.6,18.673370000000002,105.69232
629,84.0,Vinh,2017.0,8.0,27.0,75.0,29.9,267.5,170.2,18.673370000000002,105.69232
630,84.0,Vinh,2017.0,9.0,7.0,82.0,29.3,300.7,203.3,18.673370000000002,105.69232
631,84.0,Vinh,2017.0,10.0,16.0,85.0,25.3,850.1,70.6,18.673370000000002,105.69232
632,84.0,Vinh,2017.0,11.0,7.0,85.0,22.0,62.0,44.0,18.673370000000002,105.69232
633,84.0,Vinh,2017.0,12.0,28.0,85.0,18.4,36.9,43.9,18.673370000000002,105.69232
634,84.0,Vinh,2018.0,1.0,45.0,90.0,18.5,18.3,36.3,18.673370000000002,105.69232
635,84.0,Vinh,2018.0,2.0,52.0,86.0,17.4,50.9,41.3,18.673370000000002,105.69232
636,84.0,Vinh,2018.0,3.0,71.0,88.0,22.1,25.2,102.0,18.673370000000002,105.69232
637,84.0,Vinh,2018.0,4.0,248.0,88.0,23.9,53.9,144.7,18.673370000000002,105.69232
638,84.0,Vinh,2018.0,5.0,4.0,79.0,29.1,29.4,262.5,18.673370000000002,105.69232
639,84.0,Vinh,2018.0,6.0,3.0,70.0,30.8,81.1,196.2,18.673370000000002,105.69232
640,84.0,Vinh,2018.0,7.0,18.0,78.0,29.2,697.5,144.3,18.673370000000002,105.69232
641,84.0,Vinh,2018.0,8.0,2.0,77.0,29.3,135.6,164.2,18.673370000000002,105.69232
642,84.0,Vinh,2018.0,9.0,53.0,80.0,28.4,229.7,205.9,18.673370000000002,105.69232
643,84.0,Vinh,2018.0,10.0,6.0,84.0,25.8,69.3,161.2,18.673370000000002,105.69232
644,84.0,Vinh,2018.0,11.0,71.0,85.0,23.9,92.3,125.1,18.673370000000002,105.69232
645,84.0,Vinh,2018.0,12.0,10.0,88.0,20.6,435.5,81.5,18.673370000000002,105.69232
646,84.0,Vinh,2019.0,1.0,29.0,89.0,18.8,33.5,49.1,18.673370000000002,105.69232
647,84.0,Vinh,2019.0,2.0,66.0,90.0,22.9,18.0,119.9,18.673370000000002,105.69232
648,84.0,Vinh,2019.0,3.0,203.0,91.0,23.2,53.5,81.4,18.673370000000002,105.69232
649,84.0,Vinh,2019.0,4.0,369.0,84.0,28.2,81.2,202.6,18.673370000000002,105.69232
650,84.0,Vinh,2019.0,5.0,20.0,79.0,29.7,108.1,189.6,18.673370000000002,105.69232
651,84.0,Vinh,2019.0,6.0,1.0,65.0,32.8,10.7,270.8,18.673370000000002,105.69232
652,84.0,Vinh,2019.0,8.0,20.0,78.0,29.6,169.6,153.4,18.673370000000002,105.69232
653,84.0,Vinh,2019.0,10.0,2.0,84.0,26.2,1163.7,168.8,18.673370000000002,105.69232
654,84.0,Vinh,2019.0,12.0,4.0,82.0,20.1,96.9,107.8,18.673370000000002,105.69232
655,96.0,Cà Mau,2011.0,3.0,2.0,75.0,27.4,87.2,192.2,9.061414,105.03204299999999
656,96.0,Cà Mau,2011.0,8.0,2.0,82.0,27.9,236.8,177.4,9.061414,105.03204299999999
657,96.0,Cà Mau,2012.0,3.0,2.0,78.0,28.1,233.7,224.4,9.061414,105.03204299999999
658,96.0,Cà Mau,2012.0,8.0,2.0,83.0,27.8,218.4,189.3,9.061414,105.03204299999999
659,96.0,Cà Mau,2013.0,1.0,3.0,78.0,26.5,36.9,150.5,9.061414,105.03204299999999
660,96.0,Cà Mau,2013.0,2.0,2.0,75.0,27.5,8.1,181.1,9.061414,105.03204299999999
661,96.0,Cà Mau,2013.0,5.0,4.0,82.0,29.3,196.0,179.8,9.061414,105.03204299999999
662,96.0,Cà Mau,2013.0,11.0,1.0,82.0,27.6,230.5,164.8,9.061414,105.03204299999999
663,96.0,Cà Mau,2014.0,6.0,1.0,85.0,28.2,190.3,109.8,9.061414,105.03204299999999
664,96.0,Cà Mau,2015.0,4.0,3.0,74.0,29.4,6.4,267.5,9.061414,105.03204299999999
665,96.0,Cà Mau,2015.0,5.0,5.0,76.0,29.7,131.6,219.3,9.061414,105.03204299999999
666,96.0,Cà Mau,2015.0,7.0,2.0,83.0,28.6,200.7,167.2,9.061414,105.03204299999999
667,96.0,Cà Mau,2015.0,8.0,1.0,83.0,28.3,250.6,186.5,9.061414,105.03204299999999
668,96.0,Cà Mau,2015.0,9.0,7.0,86.0,27.6,645.3,154.4,9.061414,105.03204299999999
669,96.0,Cà Mau,2015.0,12.0,1.0,78.0,27.8,48.6,200.7,9.061414,105.03204299999999
670,96.0,Cà Mau,2016.0,1.0,4.0,78.0,27.9,0.2,248.8,9.061414,105.03204299999999
671,96.0,Cà Mau,2016.0,2.0,3.0,73.0,27.3,2.1,210.5,9.061414,105.03204299999999
672,96.0,Cà Mau,2016.0,4.0,7.0,74.0,30.1,4.0,284.2,9.061414,105.03204299999999
673,96.0,Cà Mau,2016.0,5.0,1.0,79.0,29.9,161.4,168.9,9.061414,105.03204299999999
674,96.0,Cà Mau,2016.0,11.0,1.0,82.0,27.9,183.6,156.6,9.061414,105.03204299999999
675,96.0,Cà Mau,2017.0,3.0,2.0,76.0,27.9,12.5,238.5,9.061414,105.03204299999999
676,96.0,Cà Mau,2017.0,4.0,7.0,77.0,29.3,98.1,245.1,9.061414,105.03204299999999
677,96.0,Cà Mau,2017.0,5.0,2.0,82.0,29.0,272.4,165.4,9.061414,105.03204299999999
678,96.0,Cà Mau,2017.0,6.0,32.0,82.0,28.7,148.6,147.6,9.061414,105.03204299999999
679,96.0,Cà Mau,2017.0,7.0,13.0,84.0,28.0,251.4,143.7,9.061414,105.03204299999999
680,96.0,Cà Mau,2017.0,8.0,24.0,86.0,27.7,383.1,152.3,9.061414,105.03204299999999
681,96.0,Cà Mau,2017.0,9.0,11.0,83.0,28.2,291.5,140.9,9.061414,105.03204299999999
682,96.0,Cà Mau,2017.0,10.0,29.0,86.0,27.5,453.8,110.2,9.061414,105.03204299999999
683,96.0,Cà Mau,2017.0,11.0,56.0,83.0,27.7,121.3,125.8,9.061414,105.03204299999999
684,96.0,Cà Mau,2017.0,12.0,19.0,79.0,26.3,72.4,133.4,9.061414,105.03204299999999
685,96.0,Cà Mau,2018.0,1.0,31.0,80.0,26.7,42.5,128.1,9.061414,105.03204299999999
686,96.0,Cà Mau,2018.0,2.0,86.0,76.0,26.6,11.2,196.6,9.061414,105.03204299999999
687,96.0,Cà Mau,2018.0,3.0,286.0,76.0,28.1,0.2,245.7,9.061414,105.03204299999999
688,96.0,Cà Mau,2018.0,4.0,86.0,76.0,29.1,10.1,248.3,9.061414,105.03204299999999
689,96.0,Cà Mau,2018.0,5.0,7.0,80.0,29.3,219.8,192.6,9.061414,105.03204299999999
690,96.0,Cà Mau,2018.0,6.0,1.0,84.0,28.1,238.8,123.2,9.061414,105.03204299999999
691,96.0,Cà Mau,2018.0,7.0,6.0,86.0,27.5,522.9,116.4,9.061414,105.03204299999999
692,96.0,Cà Mau,2018.0,8.0,4.0,84.0,28.0,288.8,135.6,9.061414,105.03204299999999
693,96.0,Cà Mau,2018.0,9.0,20.0,85.0,27.6,293.7,134.2,9.061414,105.03204299999999
694,96.0,Cà Mau,2018.0,10.0,16.0,81.0,28.1,227.6,174.0,9.061414,105.03204299999999
695,96.0,Cà Mau,2018.0,11.0,37.0,80.0,28.1,104.5,141.9,9.061414,105.03204299999999
696,96.0,Cà Mau,2018.0,12.0,2.0,80.0,27.8,47.7,127.1,9.061414,105.03204299999999
697,96.0,Cà Mau,2019.0,1.0,63.0,77.0,27.0,149.3,180.3,9.061414,105.03204299999999
698,96.0,Cà Mau,2019.0,2.0,327.0,76.0,27.4,0.8,223.1,9.061414,105.03204299999999
699,96.0,Cà Mau,2019.0,3.0,816.0,77.0,28.6,13.1,257.1,9.061414,105.03204299999999
700,96.0,Cà Mau,2019.0,4.0,126.0,77.0,29.9,60.7,245.3,9.061414,105.03204299999999
701,96.0,Cà Mau,2019.0,5.0,45.0,82.0,29.5,205.4,190.7,9.061414,105.03204299999999
702,96.0,Cà Mau,2019.0,6.0,2.0,85.0,28.5,444.8,110.7,9.061414,105.03204299999999
703,96.0,Cà Mau,2019.0,8.0,7.0,86.0,27.6,464.5,133.8,9.061414,105.03204299999999
704,96.0,Cà Mau,2019.0,9.0,3.0,84.0,27.9,302.5,130.3,9.061414,105.03204299999999
705,96.0,Cà Mau,2019.0,10.0,7.0,85.0,27.9,269.5,121.7,9.061414,105.03204299999999
706,96.0,Cà Mau,2019.0,11.0,14.0,80.0,27.8,110.1,157.1,9.061414,105.03204299999999
