,Ma_Tinh,Thang,So_Diem_Chay,Nam
0,1,12,1,2011
1,1,12,1,2012
2,1,12,1,2013
3,1,1,1,2014
4,1,2,1,2014
5,1,4,1,2015
6,1,3,1,2016
7,1,10,2,2016
8,1,12,1,2016
9,1,5,24,2017
10,1,6,19,2017
11,1,7,44,2017
12,1,8,48,2017
13,1,9,16,2017
14,1,10,21,2017
15,1,11,15,2017
16,1,12,16,2017
17,1,1,11,2018
18,1,2,8,2018
19,1,3,34,2018
20,1,4,89,2018
21,1,5,36,2018
22,1,6,42,2018
23,1,7,63,2018
24,1,8,18,2018
25,1,9,79,2018
26,1,10,15,2018
27,1,11,17,2018
28,1,12,8,2018
29,1,1,7,2019
30,1,2,9,2019
31,1,3,11,2019
32,1,4,36,2019
33,1,5,24,2019
34,1,6,20,2019
35,1,7,5,2019
36,1,8,15,2019
37,1,9,32,2019
38,1,10,24,2019
39,1,11,17,2019
40,1,12,4,2019
41,1,3,1,2020
42,1,4,1,2020
43,1,5,17,2020
44,1,6,22,2020
45,1,8,2,2020
46,2,2,1,2011
47,2,3,10,2011
48,2,4,4,2011
49,2,5,7,2011
50,2,7,6,2011
51,2,8,1,2011
52,2,10,1,2011
53,2,11,2,2011
54,2,12,2,2011
55,2,2,8,2012
56,2,3,27,2012
57,2,4,11,2012
58,2,5,13,2012
59,2,6,12,2012
60,2,11,1,2012
61,2,3,15,2013
62,2,4,7,2013
63,2,5,1,2013
64,2,6,18,2013
65,2,10,2,2013
66,2,11,1,2013
67,2,12,2,2013
68,2,1,15,2014
69,2,2,6,2014
70,2,3,5,2014
71,2,4,1,2014
72,2,5,18,2014
73,2,6,2,2014
74,2,11,1,2014
75,2,12,2,2014
76,2,1,5,2015
77,2,2,13,2015
78,2,3,13,2015
79,2,4,25,2015
80,2,5,46,2015
81,2,6,7,2015
82,2,7,5,2015
83,2,8,1,2015
84,2,11,1,2015
85,2,12,3,2015
86,2,1,1,2016
87,2,2,12,2016
88,2,3,19,2016
89,2,4,10,2016
90,2,12,1,2016
91,2,2,20,2017
92,2,3,20,2017
93,2,4,54,2017
94,2,5,157,2017
95,2,6,39,2017
96,2,7,7,2017
97,2,8,6,2017
98,2,9,29,2017
99,2,10,65,2017
100,2,11,24,2017
101,2,12,24,2017
102,2,1,21,2018
103,2,2,222,2018
104,2,3,584,2018
105,2,4,540,2018
106,2,5,72,2018
107,2,6,53,2018
108,2,7,13,2018
109,2,8,1,2018
110,2,9,12,2018
111,2,10,12,2018
112,2,11,75,2018
113,2,12,135,2018
114,2,1,4,2019
115,2,2,324,2019
116,2,3,259,2019
117,2,4,846,2019
118,2,5,106,2019
119,2,6,11,2019
120,2,7,2,2019
121,2,8,16,2019
122,2,9,12,2019
123,2,10,32,2019
124,2,11,38,2019
125,2,1,11,2020
126,2,2,150,2020
127,2,3,30,2020
128,2,4,3,2020
129,2,5,117,2020
130,2,6,9,2020
131,4,2,1,2011
132,4,3,9,2011
133,4,4,14,2011
134,4,5,9,2011
135,4,7,1,2011
136,4,12,1,2011
137,4,2,2,2012
138,4,3,25,2012
139,4,4,41,2012
140,4,5,10,2012
141,4,6,1,2012
142,4,10,2,2012
143,4,3,35,2013
144,4,4,20,2013
145,4,5,1,2013
146,4,6,4,2013
147,4,8,1,2013
148,4,10,4,2013
149,4,11,1,2013
150,4,12,7,2013
151,4,1,17,2014
152,4,2,14,2014
153,4,3,7,2014
154,4,4,1,2014
155,4,5,19,2014
156,4,9,1,2014
157,4,11,1,2014
158,4,12,6,2014
159,4,1,1,2015
160,4,2,40,2015
161,4,3,25,2015
162,4,4,34,2015
163,4,5,12,2015
164,4,10,1,2015
165,4,12,2,2015
166,4,1,2,2016
167,4,2,65,2016
168,4,3,97,2016
169,4,4,50,2016
170,4,5,14,2016
171,4,9,3,2016
172,4,10,6,2016
173,4,11,7,2016
174,4,12,29,2016
175,4,1,3,2017
176,4,2,49,2017
177,4,3,21,2017
178,4,4,53,2017
179,4,5,49,2017
180,4,6,22,2017
181,4,7,2,2017
182,4,8,2,2017
183,4,9,45,2017
184,4,10,37,2017
185,4,11,7,2017
186,4,12,13,2017
187,4,1,16,2018
188,4,2,211,2018
189,4,3,889,2018
190,4,4,552,2018
191,4,5,30,2018
192,4,6,3,2018
193,4,7,6,2018
194,4,8,1,2018
195,4,9,6,2018
196,4,10,10,2018
197,4,11,37,2018
198,4,12,158,2018
199,4,1,1,2019
200,4,2,124,2019
201,4,3,231,2019
202,4,4,628,2019
203,4,5,24,2019
204,4,8,1,2019
205,4,9,24,2019
206,4,10,24,2019
207,4,11,97,2019
208,4,12,4,2019
209,4,1,7,2020
210,4,2,201,2020
211,4,3,21,2020
212,4,4,4,2020
213,4,5,42,2020
214,4,6,1,2020
215,6,3,6,2011
216,6,4,10,2011
217,6,5,43,2011
218,6,6,3,2011
219,6,7,4,2011
220,6,11,1,2011
221,6,12,4,2011
222,6,3,19,2012
223,6,4,102,2012
224,6,5,22,2012
225,6,6,5,2012
226,6,3,19,2013
227,6,4,38,2013
228,6,5,27,2013
229,6,6,7,2013
230,6,10,1,2013
231,6,12,9,2013
232,6,1,24,2014
233,6,2,5,2014
234,6,3,1,2014
235,6,4,1,2014
236,6,5,20,2014
237,6,10,1,2014
238,6,12,7,2014
239,6,1,2,2015
240,6,2,16,2015
241,6,3,3,2015
242,6,4,63,2015
243,6,5,46,2015
244,6,6,3,2015
245,6,8,1,2015
246,6,2,59,2016
247,6,3,32,2016
248,6,4,76,2016
249,6,5,34,2016
250,6,6,27,2016
251,6,7,3,2016
252,6,8,2,2016
253,6,9,2,2016
254,6,10,2,2016
255,6,11,3,2016
256,6,12,30,2016
257,6,2,46,2017
258,6,3,1,2017
259,6,4,81,2017
260,6,5,100,2017
261,6,6,38,2017
262,6,7,5,2017
263,6,8,11,2017
264,6,9,20,2017
265,6,10,25,2017
266,6,11,5,2017
267,6,12,11,2017
268,6,1,2,2018
269,6,2,165,2018
270,6,3,484,2018
271,6,4,217,2018
272,6,5,52,2018
273,6,6,7,2018
274,6,7,3,2018
275,6,9,25,2018
276,6,10,25,2018
277,6,11,48,2018
278,6,12,89,2018
279,6,1,5,2019
280,6,2,152,2019
281,6,3,70,2019
282,6,4,632,2019
283,6,5,44,2019
284,6,6,3,2019
285,6,8,7,2019
286,6,9,12,2019
287,6,10,13,2019
288,6,11,73,2019
289,6,12,2,2019
290,6,1,3,2020
291,6,2,26,2020
292,6,3,6,2020
293,6,4,17,2020
294,6,5,53,2020
295,6,6,8,2020
296,8,2,10,2011
297,8,3,9,2011
298,8,4,4,2011
299,8,5,19,2011
300,8,6,1,2011
301,8,7,4,2011
302,8,10,1,2011
303,8,11,1,2011
304,8,2,4,2012
305,8,3,24,2012
306,8,4,31,2012
307,8,5,21,2012
308,8,6,5,2012
309,8,9,1,2012
310,8,12,1,2012
311,8,3,37,2013
312,8,4,9,2013
313,8,5,3,2013
314,8,6,7,2013
315,8,10,1,2013
316,8,12,15,2013
317,8,1,25,2014
318,8,2,8,2014
319,8,3,2,2014
320,8,4,4,2014
321,8,5,20,2014
322,8,6,2,2014
323,8,10,3,2014
324,8,12,7,2014
325,8,1,2,2015
326,8,2,14,2015
327,8,3,17,2015
328,8,4,46,2015
329,8,5,42,2015
330,8,6,7,2015
331,8,7,6,2015
332,8,8,5,2015
333,8,9,2,2015
334,8,10,7,2015
335,8,1,1,2016
336,8,2,31,2016
337,8,3,12,2016
338,8,4,14,2016
339,8,12,3,2016
340,8,1,5,2017
341,8,2,52,2017
342,8,3,8,2017
343,8,4,76,2017
344,8,5,143,2017
345,8,6,50,2017
346,8,7,15,2017
347,8,8,7,2017
348,8,9,22,2017
349,8,10,36,2017
350,8,11,36,2017
351,8,12,33,2017
352,8,1,25,2018
353,8,2,260,2018
354,8,3,592,2018
355,8,4,349,2018
356,8,5,73,2018
357,8,6,47,2018
358,8,7,25,2018
359,8,8,5,2018
360,8,9,26,2018
361,8,10,37,2018
362,8,11,95,2018
363,8,12,115,2018
364,8,1,11,2019
365,8,2,384,2019
366,8,3,408,2019
367,8,4,941,2019
368,8,5,76,2019
369,8,6,14,2019
370,8,7,1,2019
371,8,8,5,2019
372,8,9,14,2019
373,8,10,28,2019
374,8,11,60,2019
375,8,12,3,2019
376,8,1,7,2020
377,8,2,156,2020
378,8,3,13,2020
379,8,4,6,2020
380,8,5,61,2020
381,8,6,11,2020
382,10,3,2,2011
383,10,4,1,2011
384,10,5,4,2011
385,10,6,1,2011
386,10,7,1,2011
387,10,11,1,2011
388,10,1,3,2012
389,10,2,21,2012
390,10,3,36,2012
391,10,4,4,2012
392,10,5,16,2012
393,10,6,1,2012
394,10,12,1,2012
395,10,2,1,2013
396,10,3,15,2013
397,10,5,3,2013
398,10,6,5,2013
399,10,10,2,2013
400,10,12,4,2013
401,10,1,16,2014
402,10,2,26,2014
403,10,3,29,2014
404,10,4,2,2014
405,10,5,5,2014
406,10,6,1,2014
407,10,10,1,2014
408,10,1,1,2015
409,10,2,7,2015
410,10,3,25,2015
411,10,4,19,2015
412,10,5,6,2015
413,10,6,1,2015
414,10,7,1,2015
415,10,10,1,2015
416,10,1,2,2016
417,10,2,18,2016
418,10,3,54,2016
419,10,4,9,2016
420,10,1,3,2017
421,10,2,11,2017
422,10,3,12,2017
423,10,4,31,2017
424,10,5,42,2017
425,10,6,47,2017
426,10,7,9,2017
427,10,8,3,2017
428,10,9,25,2017
429,10,10,27,2017
430,10,11,41,2017
431,10,12,48,2017
432,10,1,42,2018
433,10,2,250,2018
434,10,3,845,2018
435,10,4,234,2018
436,10,5,32,2018
437,10,6,8,2018
438,10,7,20,2018
439,10,8,5,2018
440,10,9,9,2018
441,10,10,3,2018
442,10,11,76,2018
443,10,12,130,2018
444,10,1,7,2019
445,10,2,644,2019
446,10,3,505,2019
447,10,4,813,2019
448,10,5,29,2019
449,10,6,11,2019
450,10,7,2,2019
451,10,8,5,2019
452,10,9,24,2019
453,10,10,20,2019
454,10,11,26,2019
455,10,12,3,2019
456,10,1,20,2020
457,10,2,160,2020
458,10,3,30,2020
459,10,5,37,2020
460,10,6,7,2020
461,11,1,7,2011
462,11,2,142,2011
463,11,3,70,2011
464,11,4,200,2011
465,11,5,28,2011
466,11,10,20,2011
467,11,11,72,2011
468,11,12,39,2011
469,11,1,67,2012
470,11,2,435,2012
471,11,3,676,2012
472,11,4,303,2012
473,11,5,24,2012
474,11,8,1,2012
475,11,10,16,2012
476,11,11,22,2012
477,11,12,23,2012
478,11,1,18,2013
479,11,2,48,2013
480,11,3,483,2013
481,11,4,313,2013
482,11,5,4,2013
483,11,9,5,2013
484,11,10,10,2013
485,11,11,67,2013
486,11,12,48,2013
487,11,1,103,2014
488,11,2,407,2014
489,11,3,783,2014
490,11,4,331,2014
491,11,5,5,2014
492,11,9,3,2014
493,11,10,10,2014
494,11,11,36,2014
495,11,12,28,2014
496,11,1,47,2015
497,11,2,89,2015
498,11,3,376,2015
499,11,4,360,2015
500,11,5,100,2015
501,11,10,15,2015
502,11,11,24,2015
503,11,12,2,2015
504,11,1,20,2016
505,11,2,78,2016
506,11,3,424,2016
507,11,4,554,2016
508,11,1,15,2017
509,11,2,325,2017
510,11,3,781,2017
511,11,4,830,2017
512,11,5,133,2017
513,11,6,11,2017
514,11,7,1,2017
515,11,8,2,2017
516,11,9,49,2017
517,11,10,210,2017
518,11,11,376,2017
519,11,12,248,2017
520,11,1,457,2018
521,11,2,5184,2018
522,11,3,8681,2018
523,11,4,13584,2018
524,11,5,274,2018
525,11,6,1,2018
526,11,8,2,2018
527,11,9,58,2018
528,11,10,81,2018
529,11,11,617,2018
530,11,12,342,2018
531,11,1,180,2019
532,11,2,8893,2019
533,11,3,23557,2019
534,11,4,25464,2019
535,11,5,474,2019
536,11,6,1,2019
537,11,8,1,2019
538,11,9,38,2019
539,11,10,135,2019
540,11,11,188,2019
541,11,12,43,2019
542,11,1,345,2020
543,11,2,2153,2020
544,11,3,874,2020
545,11,4,230,2020
546,11,5,88,2020
547,11,6,3,2020
548,12,1,5,2011
549,12,2,51,2011
550,12,3,32,2011
551,12,4,96,2011
552,12,5,13,2011
553,12,9,2,2011
554,12,10,8,2011
555,12,11,14,2011
556,12,12,6,2011
557,12,1,42,2012
558,12,2,279,2012
559,12,3,488,2012
560,12,4,227,2012
561,12,5,52,2012
562,12,10,6,2012
563,12,12,8,2012
564,12,1,4,2013
565,12,2,10,2013
566,12,3,182,2013
567,12,4,128,2013
568,12,5,11,2013
569,12,6,1,2013
570,12,8,3,2013
571,12,9,2,2013
572,12,10,14,2013
573,12,11,19,2013
574,12,12,20,2013
575,12,1,46,2014
576,12,2,268,2014
577,12,3,618,2014
578,12,4,132,2014
579,12,5,4,2014
580,12,10,1,2014
581,12,11,3,2014
582,12,12,6,2014
583,12,1,10,2015
584,12,2,29,2015
585,12,3,175,2015
586,12,4,75,2015
587,12,5,78,2015
588,12,10,3,2015
589,12,11,2,2015
590,12,1,6,2016
591,12,2,20,2016
592,12,3,183,2016
593,12,4,188,2016
594,12,1,1,2017
595,12,2,111,2017
596,12,3,327,2017
597,12,4,347,2017
598,12,5,156,2017
599,12,6,28,2017
600,12,7,4,2017
601,12,8,3,2017
602,12,9,43,2017
603,12,10,64,2017
604,12,11,89,2017
605,12,12,95,2017
606,12,1,129,2018
607,12,2,1623,2018
608,12,3,3455,2018
609,12,4,3407,2018
610,12,5,143,2018
611,12,6,2,2018
612,12,7,1,2018
613,12,8,4,2018
614,12,9,15,2018
615,12,10,22,2018
616,12,11,162,2018
617,12,12,186,2018
618,12,1,51,2019
619,12,2,3420,2019
620,12,3,7769,2019
621,12,4,10830,2019
622,12,5,526,2019
623,12,6,1,2019
624,12,7,1,2019
625,12,8,5,2019
626,12,9,16,2019
627,12,10,29,2019
628,12,11,31,2019
629,12,12,7,2019
630,12,1,83,2020
631,12,2,325,2020
632,12,3,272,2020
633,12,4,96,2020
634,12,5,117,2020
635,14,1,5,2011
636,14,2,93,2011
637,14,3,43,2011
638,14,4,98,2011
639,14,5,25,2011
640,14,6,5,2011
641,14,7,4,2011
642,14,8,1,2011
643,14,11,20,2011
644,14,12,32,2011
645,14,1,20,2012
646,14,2,324,2012
647,14,3,469,2012
648,14,4,173,2012
649,14,5,37,2012
650,14,8,2,2012
651,14,10,6,2012
652,14,11,2,2012
653,14,12,22,2012
654,14,1,10,2013
655,14,2,29,2013
656,14,3,328,2013
657,14,4,60,2013
658,14,5,19,2013
659,14,6,2,2013
660,14,9,1,2013
661,14,10,4,2013
662,14,11,4,2013
663,14,12,43,2013
664,14,1,83,2014
665,14,2,259,2014
666,14,3,487,2014
667,14,4,100,2014
668,14,5,22,2014
669,14,6,3,2014
670,14,10,2,2014
671,14,11,10,2014
672,14,12,8,2014
673,14,1,55,2015
674,14,2,115,2015
675,14,3,293,2015
676,14,4,202,2015
677,14,5,39,2015
678,14,6,1,2015
679,14,10,4,2015
680,14,11,2,2015
681,14,12,1,2015
682,14,1,8,2016
683,14,2,91,2016
684,14,3,492,2016
685,14,4,336,2016
686,14,12,1,2016
687,14,1,3,2017
688,14,2,141,2017
689,14,3,452,2017
690,14,4,373,2017
691,14,5,254,2017
692,14,6,15,2017
693,14,7,11,2017
694,14,8,5,2017
695,14,9,78,2017
696,14,10,108,2017
697,14,11,172,2017
698,14,12,231,2017
699,14,1,363,2018
700,14,2,2573,2018
701,14,3,7371,2018
702,14,4,9414,2018
703,14,5,198,2018
704,14,6,18,2018
705,14,7,8,2018
706,14,8,7,2018
707,14,9,107,2018
708,14,10,72,2018
709,14,11,289,2018
710,14,12,228,2018
711,14,1,154,2019
712,14,2,4884,2019
713,14,3,12993,2019
714,14,4,24267,2019
715,14,5,175,2019
716,14,6,24,2019
717,14,7,3,2019
718,14,8,6,2019
719,14,9,18,2019
720,14,10,84,2019
721,14,11,71,2019
722,14,12,23,2019
723,14,1,235,2020
724,14,2,1715,2020
725,14,3,448,2020
726,14,4,108,2020
727,14,5,251,2020
728,14,6,3,2020
729,15,1,2,2011
730,15,2,16,2011
731,15,4,1,2011
732,15,5,8,2011
733,15,7,1,2011
734,15,8,3,2011
735,15,11,6,2011
736,15,12,5,2011
737,15,1,1,2012
738,15,2,12,2012
739,15,3,28,2012
740,15,4,17,2012
741,15,5,17,2012
742,15,6,7,2012
743,15,8,1,2012
744,15,10,4,2012
745,15,11,1,2012
746,15,12,3,2012
747,15,2,1,2013
748,15,3,27,2013
749,15,4,4,2013
750,15,6,13,2013
751,15,10,2,2013
752,15,11,4,2013
753,15,12,32,2013
754,15,1,26,2014
755,15,2,24,2014
756,15,3,40,2014
757,15,4,4,2014
758,15,5,13,2014
759,15,6,1,2014
760,15,11,3,2014
761,15,12,11,2014
762,15,1,13,2015
763,15,2,11,2015
764,15,3,35,2015
765,15,4,21,2015
766,15,5,19,2015
767,15,6,4,2015
768,15,7,2,2015
769,15,9,1,2015
770,15,10,3,2015
771,15,11,6,2015
772,15,12,2,2015
773,15,1,7,2016
774,15,2,20,2016
775,15,3,36,2016
776,15,4,22,2016
777,15,12,2,2016
778,15,1,3,2017
779,15,2,25,2017
780,15,3,13,2017
781,15,4,19,2017
782,15,5,39,2017
783,15,6,26,2017
784,15,7,9,2017
785,15,8,1,2017
786,15,9,17,2017
787,15,10,48,2017
788,15,11,44,2017
789,15,12,59,2017
790,15,1,43,2018
791,15,2,330,2018
792,15,3,267,2018
793,15,4,180,2018
794,15,5,18,2018
795,15,6,24,2018
796,15,7,13,2018
797,15,9,44,2018
798,15,10,27,2018
799,15,11,147,2018
800,15,12,137,2018
801,15,1,5,2019
802,15,2,465,2019
803,15,3,399,2019
804,15,4,1181,2019
805,15,5,29,2019
806,15,6,5,2019
807,15,8,3,2019
808,15,9,14,2019
809,15,10,39,2019
810,15,11,45,2019
811,15,12,4,2019
812,15,1,17,2020
813,15,2,86,2020
814,15,3,7,2020
815,15,4,2,2020
816,15,5,52,2020
817,15,6,7,2020
818,17,1,1,2011
819,17,2,7,2011
820,17,3,9,2011
821,17,4,5,2011
822,17,5,6,2011
823,17,7,1,2011
824,17,8,1,2011
825,17,11,1,2011
826,17,12,5,2011
827,17,2,2,2012
828,17,3,6,2012
829,17,4,18,2012
830,17,5,8,2012
831,17,10,1,2012
832,17,11,4,2012
833,17,1,2,2013
834,17,2,3,2013
835,17,3,14,2013
836,17,4,8,2013
837,17,5,5,2013
838,17,8,1,2013
839,17,10,2,2013
840,17,11,2,2013
841,17,12,15,2013
842,17,1,30,2014
843,17,2,4,2014
844,17,3,12,2014
845,17,4,7,2014
846,17,5,5,2014
847,17,6,10,2014
848,17,10,1,2014
849,17,11,3,2014
850,17,12,6,2014
851,17,1,12,2015
852,17,2,17,2015
853,17,3,9,2015
854,17,4,33,2015
855,17,5,13,2015
856,17,6,6,2015
857,17,7,1,2015
858,17,8,1,2015
859,17,9,3,2015
860,17,10,3,2015
861,17,11,1,2015
862,17,12,7,2015
863,17,1,4,2016
864,17,2,35,2016
865,17,3,13,2016
866,17,4,29,2016
867,17,5,16,2016
868,17,6,14,2016
869,17,7,1,2016
870,17,10,1,2016
871,17,11,13,2016
872,17,12,15,2016
873,17,2,18,2017
874,17,3,9,2017
875,17,4,67,2017
876,17,5,54,2017
877,17,6,33,2017
878,17,7,7,2017
879,17,8,8,2017
880,17,9,14,2017
881,17,10,4,2017
882,17,11,18,2017
883,17,12,14,2017
884,17,1,26,2018
885,17,2,154,2018
886,17,3,329,2018
887,17,4,424,2018
888,17,5,63,2018
889,17,6,17,2018
890,17,7,63,2018
891,17,8,2,2018
892,17,9,60,2018
893,17,10,26,2018
894,17,11,36,2018
895,17,12,25,2018
896,17,1,11,2019
897,17,2,93,2019
898,17,3,249,2019
899,17,4,722,2019
900,17,5,47,2019
901,17,6,9,2019
902,17,7,3,2019
903,17,8,5,2019
904,17,9,22,2019
905,17,10,45,2019
906,17,11,32,2019
907,17,12,5,2019
908,17,1,19,2020
909,17,2,232,2020
910,17,3,10,2020
911,17,4,10,2020
912,17,5,43,2020
913,17,6,14,2020
914,17,8,1,2020
915,19,2,1,2011
916,19,4,2,2011
917,19,5,12,2011
918,19,6,1,2011
919,19,11,5,2011
920,19,12,6,2011
921,19,2,2,2012
922,19,3,1,2012
923,19,4,20,2012
924,19,5,6,2012
925,19,6,2,2012
926,19,11,1,2012
927,19,12,1,2012
928,19,3,19,2013
929,19,4,1,2013
930,19,5,1,2013
931,19,6,6,2013
932,19,7,1,2013
933,19,9,1,2013
934,19,11,1,2013
935,19,12,12,2013
936,19,1,20,2014
937,19,5,2,2014
938,19,10,1,2014
939,19,12,7,2014
940,19,1,4,2015
941,19,2,2,2015
942,19,4,17,2015
943,19,5,12,2015
944,19,6,3,2015
945,19,10,3,2015
946,19,11,1,2015
947,19,1,1,2016
948,19,2,72,2016
949,19,3,8,2016
950,19,4,44,2016
951,19,5,21,2016
952,19,6,23,2016
953,19,7,1,2016
954,19,8,1,2016
955,19,9,7,2016
956,19,10,1,2016
957,19,12,15,2016
958,19,1,8,2017
959,19,2,30,2017
960,19,3,7,2017
961,19,4,43,2017
962,19,5,86,2017
963,19,6,14,2017
964,19,7,39,2017
965,19,8,10,2017
966,19,9,12,2017
967,19,10,44,2017
968,19,11,26,2017
969,19,12,38,2017
970,19,1,18,2018
971,19,2,102,2018
972,19,3,411,2018
973,19,4,322,2018
974,19,5,76,2018
975,19,6,25,2018
976,19,7,38,2018
977,19,8,7,2018
978,19,9,50,2018
979,19,10,44,2018
980,19,11,58,2018
981,19,12,35,2018
982,19,1,17,2019
983,19,2,102,2019
984,19,3,179,2019
985,19,4,503,2019
986,19,5,64,2019
987,19,6,11,2019
988,19,7,2,2019
989,19,8,15,2019
990,19,9,22,2019
991,19,10,31,2019
992,19,11,32,2019
993,19,12,2,2019
994,19,1,21,2020
995,19,2,76,2020
996,19,3,3,2020
997,19,4,4,2020
998,19,5,20,2020
999,19,6,15,2020
1000,20,1,3,2011
1001,20,2,1,2011
1002,20,3,5,2011
1003,20,4,6,2011
1004,20,5,10,2011
1005,20,6,1,2011
1006,20,7,5,2011
1007,20,8,2,2011
1008,20,11,1,2011
1009,20,12,18,2011
1010,20,3,2,2012
1011,20,4,28,2012
1012,20,5,15,2012
1013,20,6,1,2012
1014,20,7,2,2012
1015,20,8,3,2012
1016,20,9,3,2012
1017,20,10,2,2012
1018,20,11,1,2012
1019,20,12,2,2012
1020,20,3,46,2013
1021,20,4,14,2013
1022,20,5,3,2013
1023,20,6,5,2013
1024,20,9,1,2013
1025,20,10,5,2013
1026,20,11,1,2013
1027,20,12,33,2013
1028,20,1,62,2014
1029,20,2,11,2014
1030,20,5,25,2014
1031,20,6,4,2014
1032,20,10,5,2014
1033,20,11,3,2014
1034,20,12,20,2014
1035,20,1,22,2015
1036,20,2,42,2015
1037,20,3,2,2015
1038,20,4,44,2015
1039,20,5,11,2015
1040,20,6,3,2015
1041,20,7,3,2015
1042,20,8,2,2015
1043,20,10,3,2015
1044,20,12,2,2015
1045,20,1,2,2016
1046,20,2,61,2016
1047,20,3,12,2016
1048,20,4,51,2016
1049,20,12,10,2016
1050,20,1,19,2017
1051,20,2,128,2017
1052,20,3,12,2017
1053,20,4,68,2017
1054,20,5,100,2017
1055,20,6,34,2017
1056,20,7,15,2017
1057,20,8,5,2017
1058,20,9,19,2017
1059,20,10,68,2017
1060,20,11,21,2017
1061,20,12,101,2017
1062,20,1,65,2018
1063,20,2,1428,2018
1064,20,3,1585,2018
1065,20,4,526,2018
1066,20,5,110,2018
1067,20,6,31,2018
1068,20,7,21,2018
1069,20,8,5,2018
1070,20,9,78,2018
1071,20,10,70,2018
1072,20,11,103,2018
1073,20,12,73,2018
1074,20,1,22,2019
1075,20,2,891,2019
1076,20,3,235,2019
1077,20,4,1399,2019
1078,20,5,72,2019
1079,20,6,9,2019
1080,20,7,4,2019
1081,20,8,2,2019
1082,20,9,20,2019
1083,20,10,20,2019
1084,20,11,81,2019
1085,20,12,31,2019
1086,20,1,37,2020
1087,20,2,186,2020
1088,20,3,5,2020
1089,20,4,49,2020
1090,20,5,67,2020
1091,20,6,12,2020
1092,22,1,11,2011
1093,22,2,18,2011
1094,22,3,2,2011
1095,22,4,23,2011
1096,22,5,43,2011
1097,22,6,6,2011
1098,22,7,31,2011
1099,22,8,10,2011
1100,22,9,4,2011
1101,22,10,8,2011
1102,22,11,2,2011
1103,22,12,32,2011
1104,22,1,1,2012
1105,22,2,2,2012
1106,22,3,3,2012
1107,22,4,80,2012
1108,22,5,79,2012
1109,22,6,12,2012
1110,22,7,4,2012
1111,22,8,5,2012
1112,22,9,3,2012
1113,22,10,3,2012
1114,22,11,1,2012
1115,22,12,1,2012
1116,22,1,8,2013
1117,22,3,88,2013
1118,22,4,7,2013
1119,22,5,26,2013
1120,22,6,44,2013
1121,22,8,2,2013
1122,22,10,18,2013
1123,22,11,2,2013
1124,22,12,83,2013
1125,22,1,145,2014
1126,22,2,8,2014
1127,22,4,4,2014
1128,22,5,96,2014
1129,22,6,3,2014
1130,22,7,2,2014
1131,22,9,10,2014
1132,22,10,7,2014
1133,22,12,31,2014
1134,22,1,87,2015
1135,22,2,17,2015
1136,22,3,4,2015
1137,22,4,92,2015
1138,22,5,44,2015
1139,22,6,14,2015
1140,22,7,5,2015
1141,22,8,1,2015
1142,22,9,1,2015
1143,22,10,7,2015
1144,22,11,2,2015
1145,22,12,6,2015
1146,22,1,5,2016
1147,22,2,82,2016
1148,22,3,1,2016
1149,22,4,71,2016
1150,22,12,7,2016
1151,22,1,52,2017
1152,22,2,224,2017
1153,22,3,4,2017
1154,22,4,119,2017
1155,22,5,237,2017
1156,22,6,85,2017
1157,22,7,46,2017
1158,22,8,23,2017
1159,22,9,29,2017
1160,22,10,48,2017
1161,22,11,37,2017
1162,22,12,70,2017
1163,22,1,69,2018
1164,22,2,687,2018
1165,22,3,1701,2018
1166,22,4,708,2018
1167,22,5,248,2018
1168,22,6,85,2018
1169,22,7,58,2018
1170,22,8,20,2018
1171,22,9,105,2018
1172,22,10,69,2018
1173,22,11,60,2018
1174,22,12,37,2018
1175,22,1,96,2019
1176,22,2,474,2019
1177,22,3,365,2019
1178,22,4,1577,2019
1179,22,5,127,2019
1180,22,6,26,2019
1181,22,7,10,2019
1182,22,8,16,2019
1183,22,9,67,2019
1184,22,10,74,2019
1185,22,11,56,2019
1186,22,12,65,2019
1187,22,1,210,2020
1188,22,2,486,2020
1189,22,3,12,2020
1190,22,4,112,2020
1191,22,5,139,2020
1192,22,6,31,2020
1193,22,7,2,2020
1194,24,1,1,2011
1195,24,2,1,2011
1196,24,5,13,2011
1197,24,6,9,2011
1198,24,7,4,2011
1199,24,10,2,2011
1200,24,11,1,2011
1201,24,12,8,2011
1202,24,2,1,2012
1203,24,4,11,2012
1204,24,5,6,2012
1205,24,6,5,2012
1206,24,8,1,2012
1207,24,9,1,2012
1208,24,10,1,2012
1209,24,11,1,2012
1210,24,3,5,2013
1211,24,4,1,2013
1212,24,5,5,2013
1213,24,6,8,2013
1214,24,9,1,2013
1215,24,10,2,2013
1216,24,12,10,2013
1217,24,1,14,2014
1218,24,3,1,2014
1219,24,4,4,2014
1220,24,5,20,2014
1221,24,10,1,2014
1222,24,11,4,2014
1223,24,12,7,2014
1224,24,1,6,2015
1225,24,3,3,2015
1226,24,4,18,2015
1227,24,5,25,2015
1228,24,6,3,2015
1229,24,7,1,2015
1230,24,8,1,2015
1231,24,10,2,2015
1232,24,11,1,2015
1233,24,1,2,2016
1234,24,2,55,2016
1235,24,3,3,2016
1236,24,4,39,2016
1237,24,5,16,2016
1238,24,6,11,2016
1239,24,7,4,2016
1240,24,9,5,2016
1241,24,10,3,2016
1242,24,11,6,2016
1243,24,12,26,2016
1244,24,1,11,2017
1245,24,2,62,2017
1246,24,3,9,2017
1247,24,4,58,2017
1248,24,5,76,2017
1249,24,6,79,2017
1250,24,7,47,2017
1251,24,8,33,2017
1252,24,9,14,2017
1253,24,10,36,2017
1254,24,11,19,2017
1255,24,12,31,2017
1256,24,1,52,2018
1257,24,2,160,2018
1258,24,3,440,2018
1259,24,4,217,2018
1260,24,5,64,2018
1261,24,6,32,2018
1262,24,7,33,2018
1263,24,8,7,2018
1264,24,9,80,2018
1265,24,10,43,2018
1266,24,11,55,2018
1267,24,12,21,2018
1268,24,1,23,2019
1269,24,2,70,2019
1270,24,3,248,2019
1271,24,4,228,2019
1272,24,5,31,2019
1273,24,6,1,2019
1274,24,7,7,2019
1275,24,8,13,2019
1276,24,9,47,2019
1277,24,10,35,2019
1278,24,11,36,2019
1279,24,12,15,2019
1280,24,1,23,2020
1281,24,2,224,2020
1282,24,3,1,2020
1283,24,4,12,2020
1284,24,5,27,2020
1285,24,6,14,2020
1286,25,2,8,2011
1287,25,4,2,2011
1288,25,5,4,2011
1289,25,11,3,2011
1290,25,12,5,2011
1291,25,2,3,2012
1292,25,3,7,2012
1293,25,4,7,2012
1294,25,5,2,2012
1295,25,6,1,2012
1296,25,9,1,2012
1297,25,10,1,2012
1298,25,11,2,2012
1299,25,12,7,2012
1300,25,2,2,2013
1301,25,3,20,2013
1302,25,4,5,2013
1303,25,5,3,2013
1304,25,6,3,2013
1305,25,10,2,2013
1306,25,11,3,2013
1307,25,12,25,2013
1308,25,1,17,2014
1309,25,2,6,2014
1310,25,3,1,2014
1311,25,4,1,2014
1312,25,6,1,2014
1313,25,10,1,2014
1314,25,11,4,2014
1315,25,12,11,2014
1316,25,1,16,2015
1317,25,2,8,2015
1318,25,3,5,2015
1319,25,4,7,2015
1320,25,5,3,2015
1321,25,6,1,2015
1322,25,8,1,2015
1323,25,9,1,2015
1324,25,10,1,2015
1325,25,11,1,2015
1326,25,12,1,2015
1327,25,1,5,2016
1328,25,2,43,2016
1329,25,3,9,2016
1330,25,4,15,2016
1331,25,5,8,2016
1332,25,6,9,2016
1333,25,7,1,2016
1334,25,8,2,2016
1335,25,9,1,2016
1336,25,11,10,2016
1337,25,12,40,2016
1338,25,1,9,2017
1339,25,2,22,2017
1340,25,3,9,2017
1341,25,4,15,2017
1342,25,5,19,2017
1343,25,6,6,2017
1344,25,7,4,2017
1345,25,8,10,2017
1346,25,9,24,2017
1347,25,10,33,2017
1348,25,11,29,2017
1349,25,12,64,2017
1350,25,1,27,2018
1351,25,2,146,2018
1352,25,3,294,2018
1353,25,4,217,2018
1354,25,5,20,2018
1355,25,6,22,2018
1356,25,7,11,2018
1357,25,8,5,2018
1358,25,9,48,2018
1359,25,10,24,2018
1360,25,11,42,2018
1361,25,12,42,2018
1362,25,1,9,2019
1363,25,2,148,2019
1364,25,3,77,2019
1365,25,4,113,2019
1366,25,5,19,2019
1367,25,6,6,2019
1368,25,7,2,2019
1369,25,8,10,2019
1370,25,9,25,2019
1371,25,10,12,2019
1372,25,11,15,2019
1373,25,12,1,2019
1374,25,1,4,2020
1375,25,2,164,2020
1376,25,3,2,2020
1377,25,5,9,2020
1378,25,6,9,2020
1379,26,12,1,2011
1380,26,4,1,2012
1381,26,11,1,2013
1382,26,12,5,2013
1383,26,1,4,2014
1384,26,12,1,2014
1385,26,1,2,2015
1386,26,4,1,2015
1387,26,1,1,2016
1388,26,2,3,2016
1389,26,3,2,2016
1390,26,10,4,2016
1391,26,11,1,2016
1392,26,12,3,2016
1393,26,1,1,2017
1394,26,2,2,2017
1395,26,3,1,2017
1396,26,4,2,2017
1397,26,5,14,2017
1398,26,6,9,2017
1399,26,7,8,2017
1400,26,8,19,2017
1401,26,9,10,2017
1402,26,10,2,2017
1403,26,11,4,2017
1404,26,12,21,2017
1405,26,1,4,2018
1406,26,2,12,2018
1407,26,3,29,2018
1408,26,4,59,2018
1409,26,5,4,2018
1410,26,6,18,2018
1411,26,7,10,2018
1412,26,8,4,2018
1413,26,9,27,2018
1414,26,10,8,2018
1415,26,11,6,2018
1416,26,12,8,2018
1417,26,1,5,2019
1418,26,2,12,2019
1419,26,3,14,2019
1420,26,4,32,2019
1421,26,5,6,2019
1422,26,6,7,2019
1423,26,7,1,2019
1424,26,8,3,2019
1425,26,9,4,2019
1426,26,10,7,2019
1427,26,11,1,2019
1428,26,12,3,2019
1429,26,5,2,2020
1430,26,6,9,2020
1431,26,8,1,2020
1432,27,6,1,2011
1433,27,6,1,2012
1434,27,6,1,2013
1435,27,6,1,2014
1436,27,6,1,2015
1437,27,6,1,2016
1438,27,5,16,2017
1439,27,6,25,2017
1440,27,7,48,2017
1441,27,8,39,2017
1442,27,9,31,2017
1443,27,10,22,2017
1444,27,11,16,2017
1445,27,12,14,2017
1446,27,1,5,2018
1447,27,2,38,2018
1448,27,3,90,2018
1449,27,4,91,2018
1450,27,5,22,2018
1451,27,6,51,2018
1452,27,7,53,2018
1453,27,8,18,2018
1454,27,9,33,2018
1455,27,10,14,2018
1456,27,11,15,2018
1457,27,12,10,2018
1458,27,1,2,2019
1459,27,2,14,2019
1460,27,3,48,2019
1461,27,4,90,2019
1462,27,5,11,2019
1463,27,6,19,2019
1464,27,7,15,2019
1465,27,8,30,2019
1466,27,9,28,2019
1467,27,10,12,2019
1468,27,11,18,2019
1469,27,12,1,2019
1470,27,1,1,2020
1471,27,4,2,2020
1472,27,5,7,2020
1473,27,6,12,2020
1474,27,8,1,2020
1475,30,1,1,2011
1476,30,4,1,2011
1477,30,1,1,2012
1478,30,4,1,2012
1479,30,1,1,2013
1480,30,4,1,2013
1481,30,1,1,2014
1482,30,4,1,2014
1483,30,1,1,2015
1484,30,4,1,2015
1485,30,1,1,2016
1486,30,5,17,2016
1487,30,6,30,2016
1488,30,7,24,2016
1489,30,8,33,2016
1490,30,9,45,2016
1491,30,10,41,2016
1492,30,11,37,2016
1493,30,12,36,2016
1494,30,1,1,2017
1495,30,5,17,2017
1496,30,6,30,2017
1497,30,7,24,2017
1498,30,8,33,2017
1499,30,9,45,2017
1500,30,10,41,2017
1501,30,11,37,2017
1502,30,12,36,2017
1503,30,1,8,2018
1504,30,2,32,2018
1505,30,3,308,2018
1506,30,4,134,2018
1507,30,5,40,2018
1508,30,6,30,2018
1509,30,7,33,2018
1510,30,8,31,2018
1511,30,9,86,2018
1512,30,10,54,2018
1513,30,11,76,2018
1514,30,12,21,2018
1515,30,1,5,2019
1516,30,2,49,2019
1517,30,3,33,2019
1518,30,4,77,2019
1519,30,5,19,2019
1520,30,6,15,2019
1521,30,7,31,2019
1522,30,8,31,2019
1523,30,9,87,2019
1524,30,10,81,2019
1525,30,11,52,2019
1526,30,12,11,2019
1527,30,1,34,2020
1528,30,3,2,2020
1529,30,4,6,2020
1530,30,5,18,2020
1531,30,6,21,2020
1532,30,7,3,2020
1533,30,8,7,2020
1534,31,10,1,2011
1535,31,10,1,2012
1536,31,10,1,2013
1537,31,12,1,2014
1538,31,12,1,2015
1539,31,12,1,2016
1540,31,2,1,2017
1541,31,5,7,2017
1542,31,6,12,2017
1543,31,7,14,2017
1544,31,8,17,2017
1545,31,9,13,2017
1546,31,10,10,2017
1547,31,11,26,2017
1548,31,12,22,2017
1549,31,1,5,2018
1550,31,2,16,2018
1551,31,3,132,2018
1552,31,4,97,2018
1553,31,5,15,2018
1554,31,6,9,2018
1555,31,7,13,2018
1556,31,8,8,2018
1557,31,9,22,2018
1558,31,10,36,2018
1559,31,11,33,2018
1560,31,12,19,2018
1561,31,1,2,2019
1562,31,2,27,2019
1563,31,3,21,2019
1564,31,4,46,2019
1565,31,5,10,2019
1566,31,6,2,2019
1567,31,7,8,2019
1568,31,8,3,2019
1569,31,9,20,2019
1570,31,10,32,2019
1571,31,11,14,2019
1572,31,12,2,2019
1573,31,1,2,2020
1574,31,5,2,2020
1575,31,6,2,2020
1576,33,5,8,2011
1577,33,6,4,2011
1578,33,7,15,2011
1579,33,9,3,2011
1580,33,10,3,2011
1581,33,11,5,2011
1582,33,12,3,2011
1583,33,5,8,2012
1584,33,6,4,2012
1585,33,7,15,2012
1586,33,9,3,2012
1587,33,10,3,2012
1588,33,11,5,2012
1589,33,12,3,2012
1590,33,5,8,2013
1591,33,6,4,2013
1592,33,7,15,2013
1593,33,9,3,2013
1594,33,10,3,2013
1595,33,11,5,2013
1596,33,12,3,2013
1597,33,5,8,2014
1598,33,6,4,2014
1599,33,7,15,2014
1600,33,9,3,2014
1601,33,10,3,2014
1602,33,11,5,2014
1603,33,12,3,2014
1604,33,5,8,2015
1605,33,6,4,2015
1606,33,7,15,2015
1607,33,9,3,2015
1608,33,10,3,2015
1609,33,11,5,2015
1610,33,12,3,2015
1611,33,5,8,2016
1612,33,6,4,2016
1613,33,7,15,2016
1614,33,9,3,2016
1615,33,10,3,2016
1616,33,11,5,2016
1617,33,12,3,2016
1618,33,5,8,2017
1619,33,6,4,2017
1620,33,7,15,2017
1621,33,9,3,2017
1622,33,10,3,2017
1623,33,11,5,2017
1624,33,12,3,2017
1625,33,1,1,2018
1626,33,2,1,2018
1627,33,3,74,2018
1628,33,4,44,2018
1629,33,5,4,2018
1630,33,6,14,2018
1631,33,7,17,2018
1632,33,8,2,2018
1633,33,9,7,2018
1634,33,10,4,2018
1635,33,11,1,2018
1636,33,1,2,2019
1637,33,2,5,2019
1638,33,4,9,2019
1639,33,5,1,2019
1640,33,6,5,2019
1641,33,7,2,2019
1642,33,8,1,2019
1643,33,9,4,2019
1644,33,10,2,2019
1645,33,11,3,2019
1646,33,4,1,2020
1647,33,5,6,2020
1648,33,6,6,2020
1649,33,8,1,2020
1650,34,5,6,2011
1651,34,6,16,2011
1652,34,7,12,2011
1653,34,8,12,2011
1654,34,9,2,2011
1655,34,10,2,2011
1656,34,12,3,2011
1657,34,5,6,2012
1658,34,6,16,2012
1659,34,7,12,2012
1660,34,8,12,2012
1661,34,9,2,2012
1662,34,10,2,2012
1663,34,12,3,2012
1664,34,5,6,2013
1665,34,6,16,2013
1666,34,7,12,2013
1667,34,8,12,2013
1668,34,9,2,2013
1669,34,10,2,2013
1670,34,12,3,2013
1671,34,5,6,2014
1672,34,6,16,2014
1673,34,7,12,2014
1674,34,8,12,2014
1675,34,9,2,2014
1676,34,10,2,2014
1677,34,12,3,2014
1678,34,5,6,2015
1679,34,6,16,2015
1680,34,7,12,2015
1681,34,8,12,2015
1682,34,9,2,2015
1683,34,10,2,2015
1684,34,12,3,2015
1685,34,5,6,2016
1686,34,6,16,2016
1687,34,7,12,2016
1688,34,8,12,2016
1689,34,9,2,2016
1690,34,10,2,2016
1691,34,12,3,2016
1692,34,5,6,2017
1693,34,6,16,2017
1694,34,7,12,2017
1695,34,8,12,2017
1696,34,9,2,2017
1697,34,10,2,2017
1698,34,12,3,2017
1699,34,1,5,2018
1700,34,2,3,2018
1701,34,3,45,2018
1702,34,4,28,2018
1703,34,5,8,2018
1704,34,6,5,2018
1705,34,7,10,2018
1706,34,8,2,2018
1707,34,9,22,2018
1708,34,10,14,2018
1709,34,11,4,2018
1710,34,3,3,2019
1711,34,4,30,2019
1712,34,5,5,2019
1713,34,7,2,2019
1714,34,8,8,2019
1715,34,9,5,2019
1716,34,10,4,2019
1717,34,11,1,2019
1718,34,12,1,2019
1719,34,6,2,2020
1720,34,8,1,2020
1721,35,5,6,2011
1722,35,6,4,2011
1723,35,7,13,2011
1724,35,8,10,2011
1725,35,9,16,2011
1726,35,10,17,2011
1727,35,11,26,2011
1728,35,12,21,2011
1729,35,5,6,2012
1730,35,6,4,2012
1731,35,7,13,2012
1732,35,8,10,2012
1733,35,9,16,2012
1734,35,10,17,2012
1735,35,11,26,2012
1736,35,12,21,2012
1737,35,5,6,2013
1738,35,6,4,2013
1739,35,7,13,2013
1740,35,8,10,2013
1741,35,9,16,2013
1742,35,10,17,2013
1743,35,11,26,2013
1744,35,12,21,2013
1745,35,5,6,2014
1746,35,6,4,2014
1747,35,7,13,2014
1748,35,8,10,2014
1749,35,9,16,2014
1750,35,10,17,2014
1751,35,11,26,2014
1752,35,12,21,2014
1753,35,5,6,2015
1754,35,6,4,2015
1755,35,7,13,2015
1756,35,8,10,2015
1757,35,9,16,2015
1758,35,10,17,2015
1759,35,11,26,2015
1760,35,12,21,2015
1761,35,5,6,2016
1762,35,6,4,2016
1763,35,7,13,2016
1764,35,8,10,2016
1765,35,9,16,2016
1766,35,10,17,2016
1767,35,11,26,2016
1768,35,12,21,2016
1769,35,5,6,2017
1770,35,6,4,2017
1771,35,7,13,2017
1772,35,8,10,2017
1773,35,9,16,2017
1774,35,10,17,2017
1775,35,11,26,2017
1776,35,12,21,2017
1777,35,1,6,2018
1778,35,2,17,2018
1779,35,3,133,2018
1780,35,4,70,2018
1781,35,5,15,2018
1782,35,6,23,2018
1783,35,7,31,2018
1784,35,8,10,2018
1785,35,9,41,2018
1786,35,10,37,2018
1787,35,11,24,2018
1788,35,12,15,2018
1789,35,2,11,2019
1790,35,3,58,2019
1791,35,4,48,2019
1792,35,5,11,2019
1793,35,6,17,2019
1794,35,7,11,2019
1795,35,8,19,2019
1796,35,9,33,2019
1797,35,10,44,2019
1798,35,11,11,2019
1799,35,12,7,2019
1800,35,1,14,2020
1801,35,2,3,2020
1802,35,5,18,2020
1803,35,6,19,2020
1804,35,8,4,2020
1805,36,5,6,2011
1806,36,6,4,2011
1807,36,7,2,2011
1808,36,8,23,2011
1809,36,9,5,2011
1810,36,10,2,2011
1811,36,12,1,2011
1812,36,5,6,2012
1813,36,6,4,2012
1814,36,7,2,2012
1815,36,8,23,2012
1816,36,9,5,2012
1817,36,10,2,2012
1818,36,12,1,2012
1819,36,5,6,2013
1820,36,6,4,2013
1821,36,7,2,2013
1822,36,8,23,2013
1823,36,9,5,2013
1824,36,10,2,2013
1825,36,12,1,2013
1826,36,5,6,2014
1827,36,6,4,2014
1828,36,7,2,2014
1829,36,8,23,2014
1830,36,9,5,2014
1831,36,10,2,2014
1832,36,12,1,2014
1833,36,5,6,2015
1834,36,6,4,2015
1835,36,7,2,2015
1836,36,8,23,2015
1837,36,9,5,2015
1838,36,10,2,2015
1839,36,12,1,2015
1840,36,5,6,2016
1841,36,6,4,2016
1842,36,7,2,2016
1843,36,8,23,2016
1844,36,9,5,2016
1845,36,10,2,2016
1846,36,12,1,2016
1847,36,5,6,2017
1848,36,6,4,2017
1849,36,7,2,2017
1850,36,8,23,2017
1851,36,9,5,2017
1852,36,10,2,2017
1853,36,12,1,2017
1854,36,1,3,2018
1855,36,2,3,2018
1856,36,3,73,2018
1857,36,4,46,2018
1858,36,5,7,2018
1859,36,6,8,2018
1860,36,7,28,2018
1861,36,8,7,2018
1862,36,9,23,2018
1863,36,10,9,2018
1864,36,11,2,2018
1865,36,12,1,2018
1866,36,2,2,2019
1867,36,3,3,2019
1868,36,4,18,2019
1869,36,5,10,2019
1870,36,6,26,2019
1871,36,7,3,2019
1872,36,8,7,2019
1873,36,9,6,2019
1874,36,11,1,2019
1875,36,12,2,2019
1876,36,1,1,2020
1877,36,5,5,2020
1878,36,6,10,2020
1879,36,8,4,2020
1880,37,4,2,2011
1881,37,4,2,2012
1882,37,4,2,2013
1883,37,1,1,2014
1884,37,2,4,2014
1885,37,10,3,2014
1886,37,12,1,2014
1887,37,1,1,2015
1888,37,2,4,2015
1889,37,10,3,2015
1890,37,12,1,2015
1891,37,1,1,2016
1892,37,2,4,2016
1893,37,10,3,2016
1894,37,12,1,2016
1895,37,4,1,2017
1896,37,5,8,2017
1897,37,6,14,2017
1898,37,7,15,2017
1899,37,8,22,2017
1900,37,9,11,2017
1901,37,10,10,2017
1902,37,11,19,2017
1903,37,12,25,2017
1904,37,1,2,2018
1905,37,2,40,2018
1906,37,3,75,2018
1907,37,4,48,2018
1908,37,5,9,2018
1909,37,6,10,2018
1910,37,7,18,2018
1911,37,8,7,2018
1912,37,9,34,2018
1913,37,10,25,2018
1914,37,11,21,2018
1915,37,12,7,2018
1916,37,1,6,2019
1917,37,2,44,2019
1918,37,3,47,2019
1919,37,4,82,2019
1920,37,5,30,2019
1921,37,6,11,2019
1922,37,7,5,2019
1923,37,8,7,2019
1924,37,9,19,2019
1925,37,10,40,2019
1926,37,11,7,2019
1927,37,12,3,2019
1928,37,1,8,2020
1929,37,5,12,2020
1930,37,6,9,2020
1931,37,8,4,2020
1932,38,1,1,2011
1933,38,2,5,2011
1934,38,3,13,2011
1935,38,4,69,2011
1936,38,5,85,2011
1937,38,6,14,2011
1938,38,7,6,2011
1939,38,8,3,2011
1940,38,10,3,2011
1941,38,12,4,2011
1942,38,1,2,2012
1943,38,3,25,2012
1944,38,4,108,2012
1945,38,5,69,2012
1946,38,6,3,2012
1947,38,10,1,2012
1948,38,11,2,2012
1949,38,12,1,2012
1950,38,1,4,2013
1951,38,2,3,2013
1952,38,3,46,2013
1953,38,4,28,2013
1954,38,5,58,2013
1955,38,6,38,2013
1956,38,7,2,2013
1957,38,8,4,2013
1958,38,9,1,2013
1959,38,10,2,2013
1960,38,12,27,2013
1961,38,1,23,2014
1962,38,2,4,2014
1963,38,3,29,2014
1964,38,4,55,2014
1965,38,5,80,2014
1966,38,6,13,2014
1967,38,8,1,2014
1968,38,9,3,2014
1969,38,10,1,2014
1970,38,11,5,2014
1971,38,12,17,2014
1972,38,1,11,2015
1973,38,2,11,2015
1974,38,3,23,2015
1975,38,4,85,2015
1976,38,5,79,2015
1977,38,6,14,2015
1978,38,7,7,2015
1979,38,8,3,2015
1980,38,9,3,2015
1981,38,10,10,2015
1982,38,11,2,2015
1983,38,12,3,2015
1984,38,1,13,2016
1985,38,2,34,2016
1986,38,3,11,2016
1987,38,4,63,2016
1988,38,1,4,2017
1989,38,2,43,2017
1990,38,3,14,2017
1991,38,4,230,2017
1992,38,5,759,2017
1993,38,6,98,2017
1994,38,7,36,2017
1995,38,8,47,2017
1996,38,9,69,2017
1997,38,10,50,2017
1998,38,11,46,2017
1999,38,12,149,2017
2000,38,1,81,2018
2001,38,2,331,2018
2002,38,3,800,2018
2003,38,4,1456,2018
2004,38,5,327,2018
2005,38,6,107,2018
2006,38,7,171,2018
2007,38,8,44,2018
2008,38,9,226,2018
2009,38,10,216,2018
2010,38,11,150,2018
2011,38,12,111,2018
2012,38,1,38,2019
2013,38,2,295,2019
2014,38,3,483,2019
2015,38,4,2738,2019
2016,38,5,154,2019
2017,38,6,76,2019
2018,38,7,41,2019
2019,38,8,41,2019
2020,38,9,103,2019
2021,38,10,98,2019
2022,38,11,34,2019
2023,38,12,25,2019
2024,38,1,55,2020
2025,38,2,138,2020
2026,38,3,26,2020
2027,38,4,25,2020
2028,38,5,190,2020
2029,38,6,41,2020
2030,38,7,3,2020
2031,38,8,15,2020
2032,40,2,17,2011
2033,40,3,11,2011
2034,40,4,48,2011
2035,40,5,200,2011
2036,40,6,171,2011
2037,40,7,160,2011
2038,40,8,2,2011
2039,40,9,3,2011
2040,40,1,1,2012
2041,40,2,24,2012
2042,40,3,69,2012
2043,40,4,99,2012
2044,40,5,98,2012
2045,40,6,75,2012
2046,40,7,8,2012
2047,40,8,2,2012
2048,40,10,2,2012
2049,40,11,3,2012
2050,40,12,3,2012
2051,40,1,3,2013
2052,40,2,3,2013
2053,40,3,76,2013
2054,40,4,59,2013
2055,40,5,176,2013
2056,40,6,276,2013
2057,40,7,25,2013
2058,40,9,1,2013
2059,40,10,13,2013
2060,40,11,2,2013
2061,40,12,14,2013
2062,40,1,34,2014
2063,40,2,28,2014
2064,40,3,126,2014
2065,40,4,124,2014
2066,40,5,222,2014
2067,40,6,176,2014
2068,40,7,2,2014
2069,40,8,2,2014
2070,40,9,6,2014
2071,40,10,3,2014
2072,40,11,11,2014
2073,40,12,16,2014
2074,40,1,35,2015
2075,40,2,55,2015
2076,40,3,66,2015
2077,40,4,185,2015
2078,40,5,218,2015
2079,40,6,314,2015
2080,40,7,77,2015
2081,40,8,22,2015
2082,40,9,21,2015
2083,40,10,12,2015
2084,40,11,7,2015
2085,40,12,9,2015
2086,40,1,18,2016
2087,40,2,78,2016
2088,40,3,69,2016
2089,40,4,96,2016
2090,40,12,1,2016
2091,40,1,18,2017
2092,40,2,111,2017
2093,40,3,88,2017
2094,40,4,330,2017
2095,40,5,1079,2017
2096,40,6,638,2017
2097,40,7,39,2017
2098,40,8,72,2017
2099,40,9,47,2017
2100,40,10,17,2017
2101,40,11,55,2017
2102,40,12,161,2017
2103,40,1,223,2018
2104,40,2,688,2018
2105,40,3,1944,2018
2106,40,4,2132,2018
2107,40,5,494,2018
2108,40,6,320,2018
2109,40,7,314,2018
2110,40,8,22,2018
2111,40,9,319,2018
2112,40,10,154,2018
2113,40,11,180,2018
2114,40,12,168,2018
2115,40,1,99,2019
2116,40,2,770,2019
2117,40,3,1350,2019
2118,40,4,4064,2019
2119,40,5,421,2019
2120,40,6,419,2019
2121,40,7,41,2019
2122,40,8,65,2019
2123,40,9,65,2019
2124,40,10,145,2019
2125,40,11,54,2019
2126,40,12,22,2019
2127,40,1,88,2020
2128,40,2,305,2020
2129,40,3,63,2020
2130,40,4,28,2020
2131,40,5,826,2020
2132,40,6,148,2020
2133,40,7,1,2020
2134,40,8,16,2020
2135,42,3,3,2011
2136,42,4,5,2011
2137,42,5,1,2011
2138,42,6,5,2011
2139,42,7,2,2011
2140,42,8,5,2011
2141,42,9,5,2011
2142,42,11,3,2011
2143,42,2,1,2012
2144,42,3,2,2012
2145,42,4,13,2012
2146,42,5,9,2012
2147,42,6,9,2012
2148,42,7,6,2012
2149,42,8,15,2012
2150,42,9,6,2012
2151,42,10,7,2012
2152,42,11,6,2012
2153,42,12,7,2012
2154,42,2,4,2013
2155,42,3,8,2013
2156,42,4,8,2013
2157,42,5,8,2013
2158,42,6,9,2013
2159,42,7,3,2013
2160,42,8,8,2013
2161,42,9,1,2013
2162,42,10,15,2013
2163,42,12,3,2013
2164,42,1,21,2014
2165,42,2,2,2014
2166,42,3,13,2014
2167,42,4,18,2014
2168,42,5,25,2014
2169,42,6,6,2014
2170,42,7,3,2014
2171,42,8,6,2014
2172,42,9,11,2014
2173,42,10,9,2014
2174,42,11,2,2014
2175,42,1,15,2015
2176,42,2,1,2015
2177,42,3,12,2015
2178,42,4,29,2015
2179,42,5,58,2015
2180,42,6,19,2015
2181,42,7,21,2015
2182,42,8,28,2015
2183,42,9,18,2015
2184,42,10,29,2015
2185,42,11,2,2015
2186,42,12,5,2015
2187,42,1,4,2016
2188,42,2,38,2016
2189,42,3,2,2016
2190,42,4,18,2016
2191,42,2,54,2017
2192,42,3,18,2017
2193,42,5,4,2017
2194,42,6,93,2017
2195,42,7,25,2017
2196,42,8,85,2017
2197,42,9,61,2017
2198,42,10,23,2017
2199,42,11,13,2017
2200,42,12,36,2017
2201,42,1,65,2018
2202,42,2,338,2018
2203,42,3,504,2018
2204,42,4,1374,2018
2205,42,5,140,2018
2206,42,6,69,2018
2207,42,7,106,2018
2208,42,8,53,2018
2209,42,9,244,2018
2210,42,10,84,2018
2211,42,11,141,2018
2212,42,12,53,2018
2213,42,1,19,2019
2214,42,2,369,2019
2215,42,3,461,2019
2216,42,4,930,2019
2217,42,5,55,2019
2218,42,6,159,2019
2219,42,7,46,2019
2220,42,8,49,2019
2221,42,9,74,2019
2222,42,10,85,2019
2223,42,11,28,2019
2224,42,12,13,2019
2225,42,1,46,2020
2226,42,2,136,2020
2227,42,3,28,2020
2228,42,4,6,2020
2229,42,5,66,2020
2230,42,6,18,2020
2231,42,7,3,2020
2232,42,8,23,2020
2233,44,2,14,2011
2234,44,3,14,2011
2235,44,4,15,2011
2236,44,5,7,2011
2237,44,6,14,2011
2238,44,7,14,2011
2239,44,8,15,2011
2240,44,9,5,2011
2241,44,11,3,2011
2242,44,2,4,2012
2243,44,3,3,2012
2244,44,4,27,2012
2245,44,5,8,2012
2246,44,6,1,2012
2247,44,7,22,2012
2248,44,8,13,2012
2249,44,9,18,2012
2250,44,10,13,2012
2251,44,11,4,2012
2252,44,12,7,2012
2253,44,1,3,2013
2254,44,2,1,2013
2255,44,3,24,2013
2256,44,4,25,2013
2257,44,5,14,2013
2258,44,6,10,2013
2259,44,7,13,2013
2260,44,8,6,2013
2261,44,10,3,2013
2262,44,11,8,2013
2263,44,12,3,2013
2264,44,1,15,2014
2265,44,2,11,2014
2266,44,3,30,2014
2267,44,4,38,2014
2268,44,5,26,2014
2269,44,6,7,2014
2270,44,7,16,2014
2271,44,8,2,2014
2272,44,9,12,2014
2273,44,10,1,2014
2274,44,11,2,2014
2275,44,1,4,2015
2276,44,2,6,2015
2277,44,3,16,2015
2278,44,4,42,2015
2279,44,5,14,2015
2280,44,6,12,2015
2281,44,7,4,2015
2282,44,8,4,2015
2283,44,9,17,2015
2284,44,10,17,2015
2285,44,11,5,2015
2286,44,12,5,2015
2287,44,1,4,2016
2288,44,2,75,2016
2289,44,3,61,2016
2290,44,4,146,2016
2291,44,5,31,2016
2292,44,6,21,2016
2293,44,7,19,2016
2294,44,8,15,2016
2295,44,9,14,2016
2296,44,10,17,2016
2297,44,11,4,2016
2298,44,12,3,2016
2299,44,3,4,2017
2300,44,4,130,2017
2301,44,5,98,2017
2302,44,6,97,2017
2303,44,7,35,2017
2304,44,8,92,2017
2305,44,9,53,2017
2306,44,10,21,2017
2307,44,11,13,2017
2308,44,12,9,2017
2309,44,1,92,2018
2310,44,2,791,2018
2311,44,3,971,2018
2312,44,4,2335,2018
2313,44,5,164,2018
2314,44,6,66,2018
2315,44,7,79,2018
2316,44,8,117,2018
2317,44,9,285,2018
2318,44,10,146,2018
2319,44,11,149,2018
2320,44,12,46,2018
2321,44,1,26,2019
2322,44,2,744,2019
2323,44,3,1524,2019
2324,44,4,1233,2019
2325,44,5,91,2019
2326,44,6,91,2019
2327,44,7,94,2019
2328,44,8,43,2019
2329,44,9,61,2019
2330,44,10,104,2019
2331,44,11,32,2019
2332,44,12,13,2019
2333,44,1,59,2020
2334,44,2,166,2020
2335,44,3,37,2020
2336,44,4,14,2020
2337,44,5,99,2020
2338,44,6,29,2020
2339,44,8,20,2020
2340,45,5,2,2011
2341,45,6,264,2011
2342,45,7,24,2011
2343,45,8,43,2011
2344,45,9,54,2011
2345,45,10,12,2011
2346,45,11,7,2011
2347,45,12,2,2011
2348,45,5,2,2012
2349,45,6,264,2012
2350,45,7,24,2012
2351,45,8,43,2012
2352,45,9,54,2012
2353,45,10,12,2012
2354,45,11,7,2012
2355,45,12,2,2012
2356,45,5,2,2013
2357,45,6,264,2013
2358,45,7,24,2013
2359,45,8,43,2013
2360,45,9,54,2013
2361,45,10,12,2013
2362,45,11,7,2013
2363,45,12,2,2013
2364,45,5,2,2014
2365,45,6,264,2014
2366,45,7,24,2014
2367,45,8,43,2014
2368,45,9,54,2014
2369,45,10,12,2014
2370,45,11,7,2014
2371,45,12,2,2014
2372,45,5,2,2015
2373,45,6,264,2015
2374,45,7,24,2015
2375,45,8,43,2015
2376,45,9,54,2015
2377,45,10,12,2015
2378,45,11,7,2015
2379,45,12,2,2015
2380,45,5,2,2016
2381,45,6,264,2016
2382,45,7,24,2016
2383,45,8,43,2016
2384,45,9,54,2016
2385,45,10,12,2016
2386,45,11,7,2016
2387,45,12,2,2016
2388,45,5,2,2017
2389,45,6,264,2017
2390,45,7,24,2017
2391,45,8,43,2017
2392,45,9,54,2017
2393,45,10,12,2017
2394,45,11,7,2017
2395,45,12,2,2017
2396,45,1,34,2018
2397,45,2,639,2018
2398,45,3,1034,2018
2399,45,4,2869,2018
2400,45,5,315,2018
2401,45,6,75,2018
2402,45,7,36,2018
2403,45,8,63,2018
2404,45,9,92,2018
2405,45,10,104,2018
2406,45,11,83,2018
2407,45,12,49,2018
2408,45,1,43,2019
2409,45,2,1037,2019
2410,45,3,1719,2019
2411,45,4,2157,2019
2412,45,5,230,2019
2413,45,6,63,2019
2414,45,7,56,2019
2415,45,8,26,2019
2416,45,9,65,2019
2417,45,10,177,2019
2418,45,11,30,2019
2419,45,12,22,2019
2420,45,1,96,2020
2421,45,2,431,2020
2422,45,3,70,2020
2423,45,4,24,2020
2424,45,5,373,2020
2425,45,6,38,2020
2426,45,8,26,2020
2427,46,2,14,2011
2428,46,3,6,2011
2429,46,4,8,2011
2430,46,5,9,2011
2431,46,6,6,2011
2432,46,7,4,2011
2433,46,8,16,2011
2434,46,9,13,2011
2435,46,10,1,2011
2436,46,11,8,2011
2437,46,2,4,2012
2438,46,3,8,2012
2439,46,4,11,2012
2440,46,5,4,2012
2441,46,6,9,2012
2442,46,7,8,2012
2443,46,8,5,2012
2444,46,9,27,2012
2445,46,10,20,2012
2446,46,11,11,2012
2447,46,12,12,2012
2448,46,1,1,2013
2449,46,2,10,2013
2450,46,3,19,2013
2451,46,4,12,2013
2452,46,5,4,2013
2453,46,6,5,2013
2454,46,7,5,2013
2455,46,8,8,2013
2456,46,9,5,2013
2457,46,10,9,2013
2458,46,11,1,2013
2459,46,1,14,2014
2460,46,2,15,2014
2461,46,3,13,2014
2462,46,4,14,2014
2463,46,5,11,2014
2464,46,6,1,2014
2465,46,7,2,2014
2466,46,8,9,2014
2467,46,9,12,2014
2468,46,10,7,2014
2469,46,11,11,2014
2470,46,1,7,2015
2471,46,2,4,2015
2472,46,3,14,2015
2473,46,4,10,2015
2474,46,5,9,2015
2475,46,6,5,2015
2476,46,7,4,2015
2477,46,8,15,2015
2478,46,9,25,2015
2479,46,10,30,2015
2480,46,11,10,2015
2481,46,12,8,2015
2482,46,1,2,2016
2483,46,2,18,2016
2484,46,3,41,2016
2485,46,4,70,2016
2486,46,5,25,2016
2487,46,6,16,2016
2488,46,7,14,2016
2489,46,8,13,2016
2490,46,9,18,2016
2491,46,10,22,2016
2492,46,11,7,2016
2493,46,3,16,2017
2494,46,4,75,2017
2495,46,5,39,2017
2496,46,6,93,2017
2497,46,7,28,2017
2498,46,8,67,2017
2499,46,9,62,2017
2500,46,10,38,2017
2501,46,11,14,2017
2502,46,1,23,2018
2503,46,2,195,2018
2504,46,3,539,2018
2505,46,4,549,2018
2506,46,5,90,2018
2507,46,6,22,2018
2508,46,7,15,2018
2509,46,8,76,2018
2510,46,9,119,2018
2511,46,10,91,2018
2512,46,11,60,2018
2513,46,12,20,2018
2514,46,1,18,2019
2515,46,2,642,2019
2516,46,3,795,2019
2517,46,4,498,2019
2518,46,5,122,2019
2519,46,6,59,2019
2520,46,7,21,2019
2521,46,8,25,2019
2522,46,9,57,2019
2523,46,10,164,2019
2524,46,11,35,2019
2525,46,12,30,2019
2526,46,1,68,2020
2527,46,2,292,2020
2528,46,3,26,2020
2529,46,4,6,2020
2530,46,5,114,2020
2531,46,6,40,2020
2532,46,8,19,2020
2533,48,6,9,2011
2534,48,7,6,2011
2535,48,8,13,2011
2536,48,9,31,2011
2537,48,10,8,2011
2538,48,11,1,2011
2539,48,12,1,2011
2540,48,6,9,2012
2541,48,7,6,2012
2542,48,8,13,2012
2543,48,9,31,2012
2544,48,10,8,2012
2545,48,11,1,2012
2546,48,12,1,2012
2547,48,6,9,2013
2548,48,7,6,2013
2549,48,8,13,2013
2550,48,9,31,2013
2551,48,10,8,2013
2552,48,11,1,2013
2553,48,12,1,2013
2554,48,6,9,2014
2555,48,7,6,2014
2556,48,8,13,2014
2557,48,9,31,2014
2558,48,10,8,2014
2559,48,11,1,2014
2560,48,12,1,2014
2561,48,6,9,2015
2562,48,7,6,2015
2563,48,8,13,2015
2564,48,9,31,2015
2565,48,10,8,2015
2566,48,11,1,2015
2567,48,12,1,2015
2568,48,6,9,2016
2569,48,7,6,2016
2570,48,8,13,2016
2571,48,9,31,2016
2572,48,10,8,2016
2573,48,11,1,2016
2574,48,12,1,2016
2575,48,6,9,2017
2576,48,7,6,2017
2577,48,8,13,2017
2578,48,9,31,2017
2579,48,10,8,2017
2580,48,11,1,2017
2581,48,12,1,2017
2582,48,1,5,2018
2583,48,2,83,2018
2584,48,3,116,2018
2585,48,4,126,2018
2586,48,5,3,2018
2587,48,6,8,2018
2588,48,7,15,2018
2589,48,8,16,2018
2590,48,9,33,2018
2591,48,10,54,2018
2592,48,11,4,2018
2593,48,12,1,2018
2594,48,1,3,2019
2595,48,2,172,2019
2596,48,3,117,2019
2597,48,4,77,2019
2598,48,5,16,2019
2599,48,6,24,2019
2600,48,7,5,2019
2601,48,8,20,2019
2602,48,9,13,2019
2603,48,10,34,2019
2604,48,11,1,2019
2605,48,1,7,2020
2606,48,2,100,2020
2607,48,3,5,2020
2608,48,4,2,2020
2609,48,5,23,2020
2610,48,6,10,2020
2611,48,8,13,2020
2612,49,2,22,2011
2613,49,3,57,2011
2614,49,4,58,2011
2615,49,5,107,2011
2616,49,6,27,2011
2617,49,7,39,2011
2618,49,8,46,2011
2619,49,9,11,2011
2620,49,10,12,2011
2621,49,11,1,2011
2622,49,1,3,2012
2623,49,2,3,2012
2624,49,3,66,2012
2625,49,4,114,2012
2626,49,5,101,2012
2627,49,6,55,2012
2628,49,7,38,2012
2629,49,8,27,2012
2630,49,9,19,2012
2631,49,10,8,2012
2632,49,11,2,2012
2633,49,12,6,2012
2634,49,1,3,2013
2635,49,2,23,2013
2636,49,3,96,2013
2637,49,4,96,2013
2638,49,5,216,2013
2639,49,6,97,2013
2640,49,7,23,2013
2641,49,8,39,2013
2642,49,9,16,2013
2643,49,10,25,2013
2644,49,11,1,2013
2645,49,12,1,2013
2646,49,1,15,2014
2647,49,2,46,2014
2648,49,3,238,2014
2649,49,4,226,2014
2650,49,5,247,2014
2651,49,6,34,2014
2652,49,7,18,2014
2653,49,8,24,2014
2654,49,9,18,2014
2655,49,10,9,2014
2656,49,11,2,2014
2657,49,1,11,2015
2658,49,2,23,2015
2659,49,3,114,2015
2660,49,4,132,2015
2661,49,5,188,2015
2662,49,6,117,2015
2663,49,7,40,2015
2664,49,8,65,2015
2665,49,9,58,2015
2666,49,10,42,2015
2667,49,11,15,2015
2668,49,12,2,2015
2669,49,1,2,2016
2670,49,2,9,2016
2671,49,3,103,2016
2672,49,4,247,2016
2673,49,3,94,2017
2674,49,4,506,2017
2675,49,5,252,2017
2676,49,6,935,2017
2677,49,7,100,2017
2678,49,8,267,2017
2679,49,9,208,2017
2680,49,10,62,2017
2681,49,11,31,2017
2682,49,12,21,2017
2683,49,1,20,2018
2684,49,2,699,2018
2685,49,3,2290,2018
2686,49,4,3565,2018
2687,49,5,965,2018
2688,49,6,227,2018
2689,49,7,177,2018
2690,49,8,213,2018
2691,49,9,530,2018
2692,49,10,230,2018
2693,49,11,151,2018
2694,49,12,22,2018
2695,49,1,25,2019
2696,49,2,2162,2019
2697,49,3,4604,2019
2698,49,4,4416,2019
2699,49,5,619,2019
2700,49,6,333,2019
2701,49,7,184,2019
2702,49,8,106,2019
2703,49,9,217,2019
2704,49,10,391,2019
2705,49,11,58,2019
2706,49,12,33,2019
2707,49,1,93,2020
2708,49,2,727,2020
2709,49,3,233,2020
2710,49,4,134,2020
2711,49,5,924,2020
2712,49,6,310,2020
2713,49,7,2,2020
2714,49,8,66,2020
2715,51,1,1,2011
2716,51,2,19,2011
2717,51,3,14,2011
2718,51,4,21,2011
2719,51,5,59,2011
2720,51,6,29,2011
2721,51,7,26,2011
2722,51,8,26,2011
2723,51,9,11,2011
2724,51,10,1,2011
2725,51,11,3,2011
2726,51,1,2,2012
2727,51,2,7,2012
2728,51,3,16,2012
2729,51,4,56,2012
2730,51,5,57,2012
2731,51,6,37,2012
2732,51,7,38,2012
2733,51,8,14,2012
2734,51,9,14,2012
2735,51,10,7,2012
2736,51,11,5,2012
2737,51,12,2,2012
2738,51,1,2,2013
2739,51,2,19,2013
2740,51,3,28,2013
2741,51,4,23,2013
2742,51,5,69,2013
2743,51,6,65,2013
2744,51,7,9,2013
2745,51,8,20,2013
2746,51,9,11,2013
2747,51,10,17,2013
2748,51,11,1,2013
2749,51,12,3,2013
2750,51,1,7,2014
2751,51,2,38,2014
2752,51,3,59,2014
2753,51,4,129,2014
2754,51,5,120,2014
2755,51,6,24,2014
2756,51,7,26,2014
2757,51,8,30,2014
2758,51,9,19,2014
2759,51,10,17,2014
2760,51,11,5,2014
2761,51,1,13,2015
2762,51,2,27,2015
2763,51,3,27,2015
2764,51,4,44,2015
2765,51,5,105,2015
2766,51,6,87,2015
2767,51,7,39,2015
2768,51,8,29,2015
2769,51,9,41,2015
2770,51,10,19,2015
2771,51,11,5,2015
2772,51,12,2,2015
2773,51,1,7,2016
2774,51,2,19,2016
2775,51,3,33,2016
2776,51,4,70,2016
2777,51,3,61,2017
2778,51,4,160,2017
2779,51,5,78,2017
2780,51,6,552,2017
2781,51,7,101,2017
2782,51,8,253,2017
2783,51,9,203,2017
2784,51,10,83,2017
2785,51,11,8,2017
2786,51,12,20,2017
2787,51,1,16,2018
2788,51,2,1019,2018
2789,51,3,1396,2018
2790,51,4,1265,2018
2791,51,5,470,2018
2792,51,6,151,2018
2793,51,7,143,2018
2794,51,8,123,2018
2795,51,9,389,2018
2796,51,10,189,2018
2797,51,11,127,2018
2798,51,12,37,2018
2799,51,1,45,2019
2800,51,2,2097,2019
2801,51,3,2480,2019
2802,51,4,2036,2019
2803,51,5,546,2019
2804,51,6,375,2019
2805,51,7,215,2019
2806,51,8,166,2019
2807,51,9,185,2019
2808,51,10,285,2019
2809,51,11,41,2019
2810,51,12,73,2019
2811,51,1,123,2020
2812,51,2,453,2020
2813,51,3,64,2020
2814,51,4,77,2020
2815,51,5,546,2020
2816,51,6,282,2020
2817,51,7,15,2020
2818,51,8,31,2020
2819,52,2,2,2011
2820,52,3,4,2011
2821,52,4,9,2011
2822,52,5,24,2011
2823,52,6,15,2011
2824,52,7,39,2011
2825,52,8,56,2011
2826,52,9,34,2011
2827,52,10,4,2011
2828,52,2,2,2012
2829,52,3,10,2012
2830,52,4,7,2012
2831,52,5,19,2012
2832,52,6,14,2012
2833,52,7,45,2012
2834,52,8,65,2012
2835,52,9,18,2012
2836,52,10,13,2012
2837,52,11,4,2012
2838,52,1,2,2013
2839,52,2,5,2013
2840,52,3,7,2013
2841,52,4,14,2013
2842,52,5,44,2013
2843,52,6,14,2013
2844,52,7,23,2013
2845,52,8,28,2013
2846,52,9,20,2013
2847,52,10,25,2013
2848,52,11,5,2013
2849,52,1,7,2014
2850,52,2,10,2014
2851,52,3,13,2014
2852,52,4,26,2014
2853,52,5,40,2014
2854,52,6,20,2014
2855,52,7,17,2014
2856,52,8,56,2014
2857,52,9,44,2014
2858,52,10,9,2014
2859,52,11,6,2014
2860,52,1,2,2015
2861,52,2,4,2015
2862,52,3,8,2015
2863,52,4,16,2015
2864,52,5,49,2015
2865,52,6,27,2015
2866,52,7,55,2015
2867,52,8,104,2015
2868,52,9,102,2015
2869,52,10,46,2015
2870,52,11,8,2015
2871,52,12,5,2015
2872,52,1,23,2016
2873,52,2,11,2016
2874,52,3,54,2016
2875,52,4,95,2016
2876,52,5,97,2016
2877,52,6,48,2016
2878,52,7,98,2016
2879,52,8,87,2016
2880,52,9,92,2016
2881,52,10,26,2016
2882,52,11,11,2016
2883,52,1,2,2017
2884,52,2,20,2017
2885,52,3,25,2017
2886,52,4,50,2017
2887,52,5,40,2017
2888,52,6,144,2017
2889,52,7,62,2017
2890,52,8,296,2017
2891,52,9,237,2017
2892,52,10,70,2017
2893,52,11,4,2017
2894,52,12,8,2017
2895,52,1,17,2018
2896,52,2,233,2018
2897,52,3,306,2018
2898,52,4,589,2018
2899,52,5,93,2018
2900,52,6,48,2018
2901,52,7,72,2018
2902,52,8,143,2018
2903,52,9,451,2018
2904,52,10,171,2018
2905,52,11,79,2018
2906,52,12,27,2018
2907,52,1,52,2019
2908,52,2,351,2019
2909,52,3,442,2019
2910,52,4,751,2019
2911,52,5,135,2019
2912,52,6,102,2019
2913,52,7,96,2019
2914,52,8,131,2019
2915,52,9,222,2019
2916,52,10,214,2019
2917,52,11,24,2019
2918,52,12,33,2019
2919,52,1,46,2020
2920,52,2,68,2020
2921,52,3,16,2020
2922,52,4,25,2020
2923,52,5,151,2020
2924,52,6,71,2020
2925,52,7,7,2020
2926,52,8,20,2020
2927,54,3,6,2011
2928,54,4,3,2011
2929,54,5,3,2011
2930,54,6,5,2011
2931,54,7,14,2011
2932,54,8,8,2011
2933,54,9,12,2011
2934,54,2,1,2012
2935,54,3,5,2012
2936,54,4,5,2012
2937,54,5,2,2012
2938,54,6,9,2012
2939,54,7,14,2012
2940,54,8,33,2012
2941,54,9,2,2012
2942,54,10,3,2012
2943,54,1,1,2013
2944,54,2,1,2013
2945,54,3,10,2013
2946,54,4,7,2013
2947,54,5,7,2013
2948,54,6,16,2013
2949,54,7,16,2013
2950,54,8,30,2013
2951,54,9,10,2013
2952,54,10,7,2013
2953,54,11,2,2013
2954,54,12,1,2013
2955,54,1,2,2014
2956,54,2,10,2014
2957,54,3,16,2014
2958,54,4,10,2014
2959,54,5,12,2014
2960,54,6,15,2014
2961,54,7,18,2014
2962,54,8,44,2014
2963,54,9,31,2014
2964,54,10,5,2014
2965,54,1,5,2015
2966,54,2,1,2015
2967,54,3,2,2015
2968,54,4,6,2015
2969,54,5,13,2015
2970,54,6,12,2015
2971,54,7,31,2015
2972,54,8,84,2015
2973,54,9,29,2015
2974,54,10,8,2015
2975,54,1,4,2016
2976,54,2,2,2016
2977,54,3,17,2016
2978,54,4,61,2016
2979,54,5,24,2016
2980,54,6,34,2016
2981,54,7,78,2016
2982,54,8,67,2016
2983,54,9,37,2016
2984,54,10,16,2016
2985,54,3,12,2017
2986,54,4,21,2017
2987,54,5,41,2017
2988,54,6,88,2017
2989,54,7,50,2017
2990,54,8,306,2017
2991,54,9,268,2017
2992,54,10,72,2017
2993,54,11,30,2017
2994,54,12,9,2017
2995,54,1,29,2018
2996,54,2,284,2018
2997,54,3,618,2018
2998,54,4,1169,2018
2999,54,5,151,2018
3000,54,6,72,2018
3001,54,7,121,2018
3002,54,8,207,2018
3003,54,9,338,2018
3004,54,10,148,2018
3005,54,11,110,2018
3006,54,12,37,2018
3007,54,1,54,2019
3008,54,2,325,2019
3009,54,3,927,2019
3010,54,4,1693,2019
3011,54,5,262,2019
3012,54,6,44,2019
3013,54,7,152,2019
3014,54,8,289,2019
3015,54,9,178,2019
3016,54,10,213,2019
3017,54,11,23,2019
3018,54,12,3,2019
3019,54,1,17,2020
3020,54,2,36,2020
3021,54,3,49,2020
3022,54,4,32,2020
3023,54,5,112,2020
3024,54,6,14,2020
3025,54,7,2,2020
3026,54,8,20,2020
3027,56,2,5,2011
3028,56,3,7,2011
3029,56,4,45,2011
3030,56,5,11,2011
3031,56,6,4,2011
3032,56,7,6,2011
3033,56,8,3,2011
3034,56,2,1,2012
3035,56,3,8,2012
3036,56,4,14,2012
3037,56,5,8,2012
3038,56,6,7,2012
3039,56,7,8,2012
3040,56,8,7,2012
3041,56,10,3,2012
3042,56,11,2,2012
3043,56,12,1,2012
3044,56,1,1,2013
3045,56,2,1,2013
3046,56,3,15,2013
3047,56,4,15,2013
3048,56,5,18,2013
3049,56,6,4,2013
3050,56,7,4,2013
3051,56,8,8,2013
3052,56,9,2,2013
3053,56,10,3,2013
3054,56,1,3,2014
3055,56,2,10,2014
3056,56,3,42,2014
3057,56,4,36,2014
3058,56,5,16,2014
3059,56,6,7,2014
3060,56,7,5,2014
3061,56,8,14,2014
3062,56,9,7,2014
3063,56,10,3,2014
3064,56,11,2,2014
3065,56,1,3,2015
3066,56,2,5,2015
3067,56,3,10,2015
3068,56,4,46,2015
3069,56,5,42,2015
3070,56,6,16,2015
3071,56,7,28,2015
3072,56,8,18,2015
3073,56,9,8,2015
3074,56,10,3,2015
3075,56,1,1,2016
3076,56,2,3,2016
3077,56,3,17,2016
3078,56,4,98,2016
3079,56,5,40,2016
3080,56,6,11,2016
3081,56,7,30,2016
3082,56,8,24,2016
3083,56,9,6,2016
3084,56,10,1,2016
3085,56,11,2,2016
3086,56,2,7,2017
3087,56,3,12,2017
3088,56,4,43,2017
3089,56,5,11,2017
3090,56,6,71,2017
3091,56,7,26,2017
3092,56,8,84,2017
3093,56,9,114,2017
3094,56,10,76,2017
3095,56,11,15,2017
3096,56,12,24,2017
3097,56,1,21,2018
3098,56,2,347,2018
3099,56,3,728,2018
3100,56,4,1036,2018
3101,56,5,128,2018
3102,56,6,86,2018
3103,56,7,109,2018
3104,56,8,216,2018
3105,56,9,142,2018
3106,56,10,151,2018
3107,56,11,93,2018
3108,56,12,13,2018
3109,56,1,33,2019
3110,56,2,115,2019
3111,56,3,539,2019
3112,56,4,1090,2019
3113,56,5,83,2019
3114,56,6,73,2019
3115,56,7,87,2019
3116,56,8,217,2019
3117,56,9,50,2019
3118,56,10,40,2019
3119,56,11,10,2019
3120,56,12,12,2019
3121,56,1,15,2020
3122,56,2,79,2020
3123,56,3,40,2020
3124,56,4,31,2020
3125,56,5,248,2020
3126,56,6,30,2020
3127,56,8,2,2020
3128,58,1,1,2011
3129,58,2,7,2011
3130,58,3,8,2011
3131,58,4,25,2011
3132,58,5,8,2011
3133,58,7,1,2011
3134,58,1,1,2012
3135,58,2,18,2012
3136,58,3,11,2012
3137,58,4,14,2012
3138,58,5,1,2012
3139,58,7,4,2012
3140,58,10,1,2012
3141,58,11,1,2012
3142,58,1,2,2013
3143,58,2,7,2013
3144,58,3,33,2013
3145,58,4,5,2013
3146,58,5,2,2013
3147,58,6,2,2013
3148,58,8,1,2013
3149,58,11,1,2013
3150,58,12,1,2013
3151,58,1,1,2014
3152,58,2,20,2014
3153,58,3,68,2014
3154,58,4,20,2014
3155,58,5,4,2014
3156,58,8,1,2014
3157,58,1,5,2015
3158,58,2,24,2015
3159,58,3,26,2015
3160,58,4,35,2015
3161,58,5,4,2015
3162,58,7,1,2015
3163,58,10,3,2015
3164,58,12,2,2015
3165,58,1,4,2016
3166,58,2,42,2016
3167,58,3,171,2016
3168,58,4,140,2016
3169,58,5,20,2016
3170,58,6,2,2016
3171,58,7,4,2016
3172,58,8,3,2016
3173,58,11,1,2016
3174,58,1,3,2017
3175,58,3,43,2017
3176,58,4,80,2017
3177,58,5,11,2017
3178,58,6,16,2017
3179,58,7,6,2017
3180,58,8,32,2017
3181,58,9,21,2017
3182,58,10,12,2017
3183,58,11,10,2017
3184,58,12,49,2017
3185,58,1,52,2018
3186,58,2,1302,2018
3187,58,3,3809,2018
3188,58,4,2244,2018
3189,58,5,97,2018
3190,58,6,18,2018
3191,58,7,36,2018
3192,58,8,24,2018
3193,58,9,79,2018
3194,58,10,116,2018
3195,58,11,62,2018
3196,58,12,35,2018
3197,58,1,71,2019
3198,58,2,283,2019
3199,58,3,656,2019
3200,58,4,1353,2019
3201,58,5,74,2019
3202,58,6,16,2019
3203,58,7,29,2019
3204,58,8,36,2019
3205,58,9,10,2019
3206,58,10,20,2019
3207,58,11,8,2019
3208,58,12,19,2019
3209,58,1,125,2020
3210,58,2,1048,2020
3211,58,3,46,2020
3212,58,4,34,2020
3213,58,5,108,2020
3214,58,6,9,2020
3215,60,1,6,2011
3216,60,2,47,2011
3217,60,3,15,2011
3218,60,4,28,2011
3219,60,5,4,2011
3220,60,6,1,2011
3221,60,7,1,2011
3222,60,8,3,2011
3223,60,11,4,2011
3224,60,12,2,2011
3225,60,1,15,2012
3226,60,2,26,2012
3227,60,3,22,2012
3228,60,4,21,2012
3229,60,5,2,2012
3230,60,6,2,2012
3231,60,7,1,2012
3232,60,11,1,2012
3233,60,12,20,2012
3234,60,1,33,2013
3235,60,2,37,2013
3236,60,3,17,2013
3237,60,4,3,2013
3238,60,5,1,2013
3239,60,6,5,2013
3240,60,10,2,2013
3241,60,11,1,2013
3242,60,12,5,2013
3243,60,1,12,2014
3244,60,2,50,2014
3245,60,3,30,2014
3246,60,4,5,2014
3247,60,5,2,2014
3248,60,6,1,2014
3249,60,11,1,2014
3250,60,12,5,2014
3251,60,1,35,2015
3252,60,2,42,2015
3253,60,3,21,2015
3254,60,4,17,2015
3255,60,5,2,2015
3256,60,6,5,2015
3257,60,10,2,2015
3258,60,11,1,2015
3259,60,12,1,2015
3260,60,1,150,2016
3261,60,2,157,2016
3262,60,3,155,2016
3263,60,4,82,2016
3264,60,5,23,2016
3265,60,6,9,2016
3266,60,7,8,2016
3267,60,8,1,2016
3268,60,9,1,2016
3269,60,1,13,2017
3270,60,2,80,2017
3271,60,3,244,2017
3272,60,4,76,2017
3273,60,5,25,2017
3274,60,6,64,2017
3275,60,7,28,2017
3276,60,8,56,2017
3277,60,9,31,2017
3278,60,10,39,2017
3279,60,11,103,2017
3280,60,12,287,2017
3281,60,1,251,2018
3282,60,2,6088,2018
3283,60,3,4751,2018
3284,60,4,1516,2018
3285,60,5,109,2018
3286,60,6,33,2018
3287,60,7,79,2018
3288,60,8,46,2018
3289,60,9,110,2018
3290,60,10,148,2018
3291,60,11,223,2018
3292,60,12,210,2018
3293,60,1,409,2019
3294,60,2,4209,2019
3295,60,3,3816,2019
3296,60,4,2147,2019
3297,60,5,168,2019
3298,60,6,29,2019
3299,60,7,36,2019
3300,60,8,74,2019
3301,60,9,42,2019
3302,60,10,100,2019
3303,60,11,27,2019
3304,60,12,55,2019
3305,60,1,802,2020
3306,60,2,2403,2020
3307,60,3,51,2020
3308,60,4,124,2020
3309,60,5,152,2020
3310,60,6,30,2020
3311,60,8,1,2020
3312,62,1,141,2011
3313,62,2,262,2011
3314,62,3,436,2011
3315,62,4,379,2011
3316,62,5,68,2011
3317,62,6,22,2011
3318,62,7,1,2011
3319,62,11,14,2011
3320,62,12,137,2011
3321,62,1,202,2012
3322,62,2,551,2012
3323,62,3,848,2012
3324,62,4,176,2012
3325,62,5,33,2012
3326,62,11,10,2012
3327,62,12,53,2012
3328,62,1,101,2013
3329,62,2,147,2013
3330,62,3,541,2013
3331,62,4,223,2013
3332,62,5,37,2013
3333,62,6,8,2013
3334,62,8,1,2013
3335,62,11,1,2013
3336,62,12,3,2013
3337,62,1,22,2014
3338,62,2,83,2014
3339,62,3,539,2014
3340,62,4,97,2014
3341,62,5,12,2014
3342,62,12,4,2014
3343,62,1,18,2015
3344,62,2,72,2015
3345,62,3,552,2015
3346,62,4,223,2015
3347,62,5,26,2015
3348,62,6,13,2015
3349,62,7,1,2015
3350,62,8,3,2015
3351,62,11,2,2015
3352,62,12,7,2015
3353,62,1,35,2016
3354,62,2,113,2016
3355,62,3,551,2016
3356,62,4,283,2016
3357,62,1,27,2017
3358,62,2,176,2017
3359,62,3,492,2017
3360,62,4,734,2017
3361,62,5,32,2017
3362,62,6,105,2017
3363,62,7,5,2017
3364,62,8,10,2017
3365,62,9,5,2017
3366,62,10,12,2017
3367,62,11,15,2017
3368,62,12,60,2017
3369,62,1,190,2018
3370,62,2,6657,2018
3371,62,3,17369,2018
3372,62,4,8689,2018
3373,62,5,200,2018
3374,62,6,42,2018
3375,62,7,4,2018
3376,62,9,6,2018
3377,62,10,16,2018
3378,62,11,35,2018
3379,62,12,70,2018
3380,62,1,428,2019
3381,62,2,11591,2019
3382,62,3,21756,2019
3383,62,4,4352,2019
3384,62,5,167,2019
3385,62,6,44,2019
3386,62,7,9,2019
3387,62,8,1,2019
3388,62,9,6,2019
3389,62,10,12,2019
3390,62,11,2,2019
3391,62,12,28,2019
3392,62,1,252,2020
3393,62,2,3478,2020
3394,62,3,559,2020
3395,62,4,359,2020
3396,62,5,263,2020
3397,62,6,30,2020
3398,62,7,2,2020
3399,64,1,60,2011
3400,64,2,286,2011
3401,64,3,219,2011
3402,64,4,369,2011
3403,64,5,56,2011
3404,64,6,8,2011
3405,64,7,4,2011
3406,64,8,1,2011
3407,64,11,16,2011
3408,64,12,63,2011
3409,64,1,86,2012
3410,64,2,290,2012
3411,64,3,251,2012
3412,64,4,114,2012
3413,64,5,20,2012
3414,64,6,2,2012
3415,64,7,1,2012
3416,64,8,1,2012
3417,64,10,5,2012
3418,64,11,1,2012
3419,64,12,29,2012
3420,64,1,76,2013
3421,64,2,191,2013
3422,64,3,246,2013
3423,64,4,72,2013
3424,64,5,8,2013
3425,64,6,7,2013
3426,64,7,1,2013
3427,64,8,3,2013
3428,64,12,8,2013
3429,64,1,67,2014
3430,64,2,173,2014
3431,64,3,350,2014
3432,64,4,76,2014
3433,64,5,6,2014
3434,64,6,2,2014
3435,64,8,1,2014
3436,64,10,1,2014
3437,64,11,3,2014
3438,64,12,13,2014
3439,64,1,109,2015
3440,64,2,170,2015
3441,64,3,336,2015
3442,64,4,125,2015
3443,64,5,20,2015
3444,64,6,3,2015
3445,64,7,11,2015
3446,64,8,5,2015
3447,64,9,3,2015
3448,64,10,3,2015
3449,64,11,5,2015
3450,64,12,11,2015
3451,64,1,103,2016
3452,64,2,131,2016
3453,64,3,209,2016
3454,64,4,135,2016
3455,64,1,77,2017
3456,64,2,580,2017
3457,64,3,1152,2017
3458,64,4,722,2017
3459,64,5,102,2017
3460,64,6,135,2017
3461,64,7,32,2017
3462,64,8,116,2017
3463,64,9,51,2017
3464,64,10,43,2017
3465,64,11,25,2017
3466,64,12,83,2017
3467,64,1,603,2018
3468,64,2,14203,2018
3469,64,3,24140,2018
3470,64,4,13816,2018
3471,64,5,283,2018
3472,64,6,55,2018
3473,64,7,64,2018
3474,64,8,34,2018
3475,64,9,94,2018
3476,64,10,73,2018
3477,64,11,91,2018
3478,64,12,252,2018
3479,64,1,1021,2019
3480,64,2,12262,2019
3481,64,3,20344,2019
3482,64,4,7102,2019
3483,64,5,324,2019
3484,64,6,82,2019
3485,64,7,86,2019
3486,64,8,31,2019
3487,64,9,27,2019
3488,64,10,94,2019
3489,64,11,4,2019
3490,64,12,52,2019
3491,64,1,737,2020
3492,64,2,4637,2020
3493,64,3,335,2020
3494,64,4,246,2020
3495,64,5,370,2020
3496,64,6,56,2020
3497,64,8,3,2020
3498,66,1,79,2011
3499,66,2,528,2011
3500,66,3,40,2011
3501,66,4,229,2011
3502,66,5,22,2011
3503,66,6,10,2011
3504,66,7,3,2011
3505,66,8,1,2011
3506,66,12,14,2011
3507,66,1,215,2012
3508,66,2,314,2012
3509,66,3,141,2012
3510,66,4,91,2012
3511,66,5,22,2012
3512,66,6,3,2012
3513,66,7,3,2012
3514,66,8,3,2012
3515,66,10,1,2012
3516,66,11,4,2012
3517,66,12,107,2012
3518,66,1,273,2013
3519,66,2,87,2013
3520,66,3,153,2013
3521,66,4,80,2013
3522,66,5,8,2013
3523,66,6,5,2013
3524,66,7,8,2013
3525,66,8,3,2013
3526,66,9,1,2013
3527,66,11,1,2013
3528,66,12,26,2013
3529,66,1,317,2014
3530,66,2,235,2014
3531,66,3,206,2014
3532,66,4,110,2014
3533,66,5,23,2014
3534,66,6,3,2014
3535,66,7,6,2014
3536,66,8,4,2014
3537,66,9,2,2014
3538,66,10,1,2014
3539,66,12,22,2014
3540,66,1,350,2015
3541,66,2,161,2015
3542,66,3,126,2015
3543,66,4,149,2015
3544,66,5,19,2015
3545,66,6,17,2015
3546,66,7,14,2015
3547,66,8,3,2015
3548,66,9,11,2015
3549,66,10,1,2015
3550,66,11,1,2015
3551,66,12,83,2015
3552,66,1,345,2016
3553,66,2,112,2016
3554,66,3,98,2016
3555,66,4,160,2016
3556,66,1,195,2017
3557,66,2,1319,2017
3558,66,3,1255,2017
3559,66,4,485,2017
3560,66,5,20,2017
3561,66,6,168,2017
3562,66,7,28,2017
3563,66,8,49,2017
3564,66,9,62,2017
3565,66,10,175,2017
3566,66,11,50,2017
3567,66,12,131,2017
3568,66,1,1087,2018
3569,66,2,20619,2018
3570,66,3,11828,2018
3571,66,4,8794,2018
3572,66,5,227,2018
3573,66,6,48,2018
3574,66,7,65,2018
3575,66,8,97,2018
3576,66,9,142,2018
3577,66,10,172,2018
3578,66,11,437,2018
3579,66,12,608,2018
3580,66,1,1590,2019
3581,66,2,8045,2019
3582,66,3,7132,2019
3583,66,4,7428,2019
3584,66,5,323,2019
3585,66,6,70,2019
3586,66,7,63,2019
3587,66,8,74,2019
3588,66,9,36,2019
3589,66,10,122,2019
3590,66,11,10,2019
3591,66,12,175,2019
3592,66,1,1689,2020
3593,66,2,4110,2020
3594,66,3,232,2020
3595,66,4,201,2020
3596,66,5,596,2020
3597,66,6,63,2020
3598,66,7,1,2020
3599,66,8,1,2020
3600,67,1,19,2011
3601,67,2,212,2011
3602,67,3,136,2011
3603,67,4,141,2011
3604,67,5,7,2011
3605,67,7,1,2011
3606,67,11,2,2011
3607,67,12,7,2011
3608,67,1,16,2012
3609,67,2,179,2012
3610,67,3,109,2012
3611,67,4,26,2012
3612,67,5,10,2012
3613,67,11,1,2012
3614,67,12,10,2012
3615,67,1,69,2013
3616,67,2,137,2013
3617,67,3,169,2013
3618,67,4,58,2013
3619,67,5,6,2013
3620,67,12,9,2013
3621,67,1,79,2014
3622,67,2,212,2014
3623,67,3,238,2014
3624,67,4,28,2014
3625,67,5,11,2014
3626,67,11,3,2014
3627,67,1,95,2015
3628,67,2,158,2015
3629,67,3,126,2015
3630,67,4,85,2015
3631,67,5,16,2015
3632,67,6,1,2015
3633,67,10,1,2015
3634,67,11,1,2015
3635,67,12,7,2015
3636,67,1,49,2016
3637,67,2,125,2016
3638,67,3,122,2016
3639,67,4,95,2016
3640,67,1,12,2017
3641,67,2,150,2017
3642,67,3,458,2017
3643,67,4,262,2017
3644,67,5,20,2017
3645,67,6,65,2017
3646,67,8,10,2017
3647,67,9,4,2017
3648,67,10,27,2017
3649,67,11,13,2017
3650,67,12,87,2017
3651,67,1,158,2018
3652,67,2,5039,2018
3653,67,3,6912,2018
3654,67,4,3688,2018
3655,67,5,72,2018
3656,67,6,20,2018
3657,67,7,11,2018
3658,67,9,33,2018
3659,67,10,118,2018
3660,67,11,117,2018
3661,67,12,68,2018
3662,67,1,275,2019
3663,67,2,3762,2019
3664,67,3,5333,2019
3665,67,4,2855,2019
3666,67,5,117,2019
3667,67,6,12,2019
3668,67,7,5,2019
3669,67,8,1,2019
3670,67,9,3,2019
3671,67,10,32,2019
3672,67,11,12,2019
3673,67,12,17,2019
3674,67,1,201,2020
3675,67,2,567,2020
3676,67,3,63,2020
3677,67,4,101,2020
3678,67,5,126,2020
3679,67,6,3,2020
3680,67,8,1,2020
3681,68,2,70,2011
3682,68,3,39,2011
3683,68,4,140,2011
3684,68,5,20,2011
3685,68,6,2,2011
3686,68,8,1,2011
3687,68,12,1,2011
3688,68,1,9,2012
3689,68,2,35,2012
3690,68,3,99,2012
3691,68,4,40,2012
3692,68,5,26,2012
3693,68,6,1,2012
3694,68,10,1,2012
3695,68,11,1,2012
3696,68,12,18,2012
3697,68,1,45,2013
3698,68,2,79,2013
3699,68,3,139,2013
3700,68,4,68,2013
3701,68,5,14,2013
3702,68,6,2,2013
3703,68,7,1,2013
3704,68,9,1,2013
3705,68,11,2,2013
3706,68,12,5,2013
3707,68,1,49,2014
3708,68,2,116,2014
3709,68,3,277,2014
3710,68,4,30,2014
3711,68,5,24,2014
3712,68,6,1,2014
3713,68,11,1,2014
3714,68,1,39,2015
3715,68,2,63,2015
3716,68,3,91,2015
3717,68,4,81,2015
3718,68,5,16,2015
3719,68,6,4,2015
3720,68,10,1,2015
3721,68,11,2,2015
3722,68,1,10,2016
3723,68,2,30,2016
3724,68,3,102,2016
3725,68,4,95,2016
3726,68,1,4,2017
3727,68,2,79,2017
3728,68,3,128,2017
3729,68,4,149,2017
3730,68,5,3,2017
3731,68,6,42,2017
3732,68,7,6,2017
3733,68,8,15,2017
3734,68,9,8,2017
3735,68,10,10,2017
3736,68,11,27,2017
3737,68,12,124,2017
3738,68,1,131,2018
3739,68,2,3669,2018
3740,68,3,3142,2018
3741,68,4,2650,2018
3742,68,5,72,2018
3743,68,6,2,2018
3744,68,7,13,2018
3745,68,8,6,2018
3746,68,9,24,2018
3747,68,10,240,2018
3748,68,11,110,2018
3749,68,12,88,2018
3750,68,1,274,2019
3751,68,2,2182,2019
3752,68,3,2496,2019
3753,68,4,1976,2019
3754,68,5,79,2019
3755,68,6,13,2019
3756,68,7,18,2019
3757,68,8,16,2019
3758,68,9,4,2019
3759,68,10,33,2019
3760,68,11,9,2019
3761,68,12,119,2019
3762,68,1,388,2020
3763,68,2,1385,2020
3764,68,3,95,2020
3765,68,4,106,2020
3766,68,5,161,2020
3767,68,6,7,2020
3768,70,1,36,2011
3769,70,2,90,2011
3770,70,3,56,2011
3771,70,4,26,2011
3772,70,5,15,2011
3773,70,6,1,2011
3774,70,7,3,2011
3775,70,8,4,2011
3776,70,10,7,2011
3777,70,11,11,2011
3778,70,12,30,2011
3779,70,1,8,2012
3780,70,2,36,2012
3781,70,3,36,2012
3782,70,4,9,2012
3783,70,5,8,2012
3784,70,12,3,2012
3785,70,1,10,2013
3786,70,2,17,2013
3787,70,3,15,2013
3788,70,4,3,2013
3789,70,5,4,2013
3790,70,12,3,2013
3791,70,1,6,2014
3792,70,2,7,2014
3793,70,3,6,2014
3794,70,4,2,2014
3795,70,5,2,2014
3796,70,1,6,2015
3797,70,2,5,2015
3798,70,3,2,2015
3799,70,4,5,2015
3800,70,5,7,2015
3801,70,6,3,2015
3802,70,7,1,2015
3803,70,12,1,2015
3804,70,1,19,2016
3805,70,2,22,2016
3806,70,3,30,2016
3807,70,4,19,2016
3808,70,5,15,2016
3809,70,6,2,2016
3810,70,7,11,2016
3811,70,8,8,2016
3812,70,3,5,2017
3813,70,4,13,2017
3814,70,5,5,2017
3815,70,6,74,2017
3816,70,7,17,2017
3817,70,8,27,2017
3818,70,9,13,2017
3819,70,10,22,2017
3820,70,11,40,2017
3821,70,12,157,2017
3822,70,1,131,2018
3823,70,2,1201,2018
3824,70,3,1055,2018
3825,70,4,688,2018
3826,70,5,61,2018
3827,70,6,27,2018
3828,70,7,30,2018
3829,70,8,10,2018
3830,70,9,41,2018
3831,70,10,129,2018
3832,70,11,194,2018
3833,70,12,85,2018
3834,70,1,220,2019
3835,70,2,558,2019
3836,70,3,975,2019
3837,70,4,893,2019
3838,70,5,86,2019
3839,70,6,26,2019
3840,70,7,5,2019
3841,70,8,10,2019
3842,70,9,10,2019
3843,70,10,24,2019
3844,70,11,8,2019
3845,70,12,16,2019
3846,70,1,81,2020
3847,70,2,271,2020
3848,70,3,20,2020
3849,70,4,32,2020
3850,70,5,61,2020
3851,70,6,16,2020
3852,72,1,1,2011
3853,72,2,2,2011
3854,72,3,1,2011
3855,72,4,1,2011
3856,72,11,1,2011
3857,72,2,1,2012
3858,72,3,1,2012
3859,72,10,1,2012
3860,72,12,2,2012
3861,72,2,1,2013
3862,72,7,1,2013
3863,72,11,1,2013
3864,72,12,2,2013
3865,72,1,5,2014
3866,72,2,1,2014
3867,72,3,5,2014
3868,72,7,1,2014
3869,72,1,1,2015
3870,72,3,1,2015
3871,72,7,1,2015
3872,72,10,1,2015
3873,72,12,1,2015
3874,72,1,8,2016
3875,72,2,8,2016
3876,72,3,6,2016
3877,72,4,10,2016
3878,72,5,3,2016
3879,72,9,1,2016
3880,72,11,2,2016
3881,72,1,1,2017
3882,72,3,1,2017
3883,72,4,5,2017
3884,72,5,4,2017
3885,72,6,31,2017
3886,72,7,16,2017
3887,72,8,41,2017
3888,72,9,29,2017
3889,72,10,21,2017
3890,72,11,50,2017
3891,72,12,181,2017
3892,72,1,113,2018
3893,72,2,826,2018
3894,72,3,1138,2018
3895,72,4,813,2018
3896,72,5,40,2018
3897,72,6,19,2018
3898,72,7,53,2018
3899,72,8,33,2018
3900,72,9,40,2018
3901,72,10,170,2018
3902,72,11,155,2018
3903,72,12,112,2018
3904,72,1,311,2019
3905,72,2,606,2019
3906,72,3,1524,2019
3907,72,4,574,2019
3908,72,5,58,2019
3909,72,6,23,2019
3910,72,7,43,2019
3911,72,8,17,2019
3912,72,9,21,2019
3913,72,10,69,2019
3914,72,11,16,2019
3915,72,12,34,2019
3916,72,1,82,2020
3917,72,2,354,2020
3918,72,3,32,2020
3919,72,4,15,2020
3920,72,5,61,2020
3921,72,6,19,2020
3922,72,7,7,2020
3923,72,8,1,2020
3924,74,2,2,2011
3925,74,3,2,2011
3926,74,5,2,2011
3927,74,3,4,2012
3928,74,4,1,2012
3929,74,3,4,2013
3930,74,4,1,2013
3931,74,3,4,2014
3932,74,4,1,2014
3933,74,3,4,2015
3934,74,4,1,2015
3935,74,2,2,2016
3936,74,3,2,2016
3937,74,4,3,2016
3938,74,4,3,2017
3939,74,5,7,2017
3940,74,6,46,2017
3941,74,7,34,2017
3942,74,8,49,2017
3943,74,9,23,2017
3944,74,10,18,2017
3945,74,11,23,2017
3946,74,12,93,2017
3947,74,1,70,2018
3948,74,2,410,2018
3949,74,3,589,2018
3950,74,4,825,2018
3951,74,5,38,2018
3952,74,6,30,2018
3953,74,7,65,2018
3954,74,8,24,2018
3955,74,9,54,2018
3956,74,10,76,2018
3957,74,11,112,2018
3958,74,12,58,2018
3959,74,1,157,2019
3960,74,2,393,2019
3961,74,3,656,2019
3962,74,4,626,2019
3963,74,5,41,2019
3964,74,6,22,2019
3965,74,7,13,2019
3966,74,8,42,2019
3967,74,9,12,2019
3968,74,10,42,2019
3969,74,11,8,2019
3970,74,12,13,2019
3971,74,1,71,2020
3972,74,2,80,2020
3973,74,3,17,2020
3974,74,4,22,2020
3975,74,5,43,2020
3976,74,6,29,2020
3977,75,1,5,2011
3978,75,2,10,2011
3979,75,4,2,2011
3980,75,5,2,2011
3981,75,6,5,2011
3982,75,8,2,2011
3983,75,12,2,2011
3984,75,1,1,2012
3985,75,2,10,2012
3986,75,3,12,2012
3987,75,4,9,2012
3988,75,5,10,2012
3989,75,6,4,2012
3990,75,11,2,2012
3991,75,1,6,2013
3992,75,2,8,2013
3993,75,3,4,2013
3994,75,4,5,2013
3995,75,5,7,2013
3996,75,1,6,2014
3997,75,2,1,2014
3998,75,3,8,2014
3999,75,4,2,2014
4000,75,5,4,2014
4001,75,6,1,2014
4002,75,10,1,2014
4003,75,11,1,2014
4004,75,12,1,2014
4005,75,1,8,2015
4006,75,2,12,2015
4007,75,3,3,2015
4008,75,4,10,2015
4009,75,6,3,2015
4010,75,8,3,2015
4011,75,10,2,2015
4012,75,12,5,2015
4013,75,1,11,2016
4014,75,2,12,2016
4015,75,3,21,2016
4016,75,4,41,2016
4017,75,5,8,2016
4018,75,6,7,2016
4019,75,7,5,2016
4020,75,11,2,2016
4021,75,3,2,2017
4022,75,4,17,2017
4023,75,5,22,2017
4024,75,6,73,2017
4025,75,7,38,2017
4026,75,8,63,2017
4027,75,9,36,2017
4028,75,10,52,2017
4029,75,11,111,2017
4030,75,12,265,2017
4031,75,1,166,2018
4032,75,2,831,2018
4033,75,3,940,2018
4034,75,4,689,2018
4035,75,5,95,2018
4036,75,6,48,2018
4037,75,7,105,2018
4038,75,8,45,2018
4039,75,9,82,2018
4040,75,10,195,2018
4041,75,11,239,2018
4042,75,12,139,2018
4043,75,1,283,2019
4044,75,2,896,2019
4045,75,3,1855,2019
4046,75,4,1278,2019
4047,75,5,123,2019
4048,75,6,34,2019
4049,75,7,28,2019
4050,75,8,66,2019
4051,75,9,28,2019
4052,75,10,83,2019
4053,75,11,35,2019
4054,75,12,18,2019
4055,75,1,108,2020
4056,75,2,254,2020
4057,75,3,29,2020
4058,75,4,66,2020
4059,75,5,74,2020
4060,75,6,47,2020
4061,75,8,1,2020
4062,77,1,1,2011
4063,77,2,2,2011
4064,77,3,6,2011
4065,77,4,4,2011
4066,77,5,2,2011
4067,77,11,3,2011
4068,77,1,10,2012
4069,77,2,4,2012
4070,77,3,12,2012
4071,77,4,3,2012
4072,77,6,2,2012
4073,77,11,1,2012
4074,77,12,2,2012
4075,77,2,2,2013
4076,77,3,3,2013
4077,77,4,2,2013
4078,77,6,1,2013
4079,77,12,2,2013
4080,77,1,3,2014
4081,77,2,1,2014
4082,77,4,1,2014
4083,77,11,1,2014
4084,77,12,1,2014
4085,77,1,2,2015
4086,77,2,5,2015
4087,77,3,3,2015
4088,77,4,1,2015
4089,77,10,1,2015
4090,77,11,1,2015
4091,77,12,1,2015
4092,77,1,2,2016
4093,77,2,2,2016
4094,77,3,4,2016
4095,77,4,2,2016
4096,77,7,2,2016
4097,77,1,3,2017
4098,77,3,4,2017
4099,77,4,6,2017
4100,77,5,10,2017
4101,77,6,23,2017
4102,77,7,13,2017
4103,77,8,57,2017
4104,77,9,23,2017
4105,77,10,30,2017
4106,77,11,46,2017
4107,77,12,80,2017
4108,77,1,69,2018
4109,77,2,502,2018
4110,77,3,522,2018
4111,77,4,343,2018
4112,77,5,45,2018
4113,77,6,21,2018
4114,77,7,48,2018
4115,77,8,31,2018
4116,77,9,57,2018
4117,77,10,65,2018
4118,77,11,93,2018
4119,77,12,34,2018
4120,77,1,133,2019
4121,77,2,494,2019
4122,77,3,788,2019
4123,77,4,499,2019
4124,77,5,41,2019
4125,77,6,15,2019
4126,77,7,39,2019
4127,77,8,37,2019
4128,77,9,44,2019
4129,77,10,70,2019
4130,77,11,6,2019
4131,77,12,27,2019
4132,77,1,55,2020
4133,77,2,197,2020
4134,77,3,6,2020
4135,77,4,25,2020
4136,77,5,65,2020
4137,77,6,14,2020
4138,77,8,1,2020
4139,79,2,1,2011
4140,79,1,1,2012
4141,79,2,1,2012
4142,79,1,1,2013
4143,79,2,1,2013
4144,79,3,1,2014
4145,79,8,1,2014
4146,79,1,1,2015
4147,79,2,1,2015
4148,79,4,2,2015
4149,79,9,1,2015
4150,79,1,1,2016
4151,79,2,2,2016
4152,79,3,5,2016
4153,79,4,1,2016
4154,79,5,1,2016
4155,79,11,1,2016
4156,79,5,14,2017
4157,79,6,28,2017
4158,79,7,10,2017
4159,79,8,47,2017
4160,79,9,21,2017
4161,79,10,25,2017
4162,79,11,42,2017
4163,79,12,72,2017
4164,79,1,59,2018
4165,79,2,315,2018
4166,79,3,253,2018
4167,79,4,156,2018
4168,79,5,21,2018
4169,79,6,17,2018
4170,79,7,23,2018
4171,79,8,22,2018
4172,79,9,25,2018
4173,79,10,66,2018
4174,79,11,72,2018
4175,79,12,30,2018
4176,79,1,74,2019
4177,79,2,180,2019
4178,79,3,449,2019
4179,79,4,486,2019
4180,79,5,26,2019
4181,79,6,9,2019
4182,79,7,15,2019
4183,79,8,19,2019
4184,79,9,3,2019
4185,79,10,37,2019
4186,79,11,5,2019
4187,79,12,1,2019
4188,79,1,17,2020
4189,79,2,14,2020
4190,79,3,6,2020
4191,79,4,8,2020
4192,79,5,26,2020
4193,79,6,8,2020
4194,80,4,3,2011
4195,80,5,1,2011
4196,80,2,1,2012
4197,80,3,2,2012
4198,80,4,1,2012
4199,80,5,4,2012
4200,80,8,3,2012
4201,80,11,1,2012
4202,80,3,3,2013
4203,80,4,1,2013
4204,80,5,1,2013
4205,80,3,2,2014
4206,80,4,6,2014
4207,80,5,3,2014
4208,80,6,11,2014
4209,80,7,2,2014
4210,80,8,1,2014
4211,80,1,2,2015
4212,80,3,6,2015
4213,80,4,1,2015
4214,80,5,4,2015
4215,80,6,3,2015
4216,80,8,3,2015
4217,80,9,2,2015
4218,80,12,2,2015
4219,80,1,2,2016
4220,80,2,4,2016
4221,80,3,17,2016
4222,80,4,6,2016
4223,80,5,2,2016
4224,80,6,2,2016
4225,80,7,1,2016
4226,80,8,2,2016
4227,80,9,1,2016
4228,80,12,1,2016
4229,80,3,7,2017
4230,80,4,17,2017
4231,80,5,7,2017
4232,80,6,52,2017
4233,80,7,23,2017
4234,80,8,80,2017
4235,80,9,36,2017
4236,80,10,62,2017
4237,80,11,115,2017
4238,80,12,214,2017
4239,80,1,101,2018
4240,80,2,773,2018
4241,80,3,3671,2018
4242,80,4,4441,2018
4243,80,5,34,2018
4244,80,6,44,2018
4245,80,7,74,2018
4246,80,8,83,2018
4247,80,9,102,2018
4248,80,10,117,2018
4249,80,11,235,2018
4250,80,12,109,2018
4251,80,1,278,2019
4252,80,2,2151,2019
4253,80,3,9732,2019
4254,80,4,1419,2019
4255,80,5,88,2019
4256,80,6,31,2019
4257,80,7,113,2019
4258,80,8,95,2019
4259,80,9,42,2019
4260,80,10,120,2019
4261,80,11,30,2019
4262,80,12,6,2019
4263,80,1,92,2020
4264,80,2,1150,2020
4265,80,3,127,2020
4266,80,4,31,2020
4267,80,5,90,2020
4268,80,6,26,2020
4269,80,7,1,2020
4270,80,8,2,2020
4271,82,4,1,2011
4272,82,4,1,2012
4273,82,4,1,2013
4274,82,4,1,2014
4275,82,4,1,2015
4276,82,5,1,2016
4277,82,6,17,2016
4278,82,7,10,2016
4279,82,8,7,2016
4280,82,9,13,2016
4281,82,10,20,2016
4282,82,11,44,2016
4283,82,12,54,2016
4284,82,5,1,2017
4285,82,6,17,2017
4286,82,7,10,2017
4287,82,8,7,2017
4288,82,9,13,2017
4289,82,10,20,2017
4290,82,11,44,2017
4291,82,12,54,2017
4292,82,1,30,2018
4293,82,2,307,2018
4294,82,3,1774,2018
4295,82,4,306,2018
4296,82,5,23,2018
4297,82,6,74,2018
4298,82,7,19,2018
4299,82,8,19,2018
4300,82,9,40,2018
4301,82,10,55,2018
4302,82,11,65,2018
4303,82,12,27,2018
4304,82,1,29,2019
4305,82,2,1170,2019
4306,82,3,810,2019
4307,82,4,279,2019
4308,82,5,35,2019
4309,82,6,10,2019
4310,82,7,5,2019
4311,82,8,31,2019
4312,82,9,6,2019
4313,82,10,57,2019
4314,82,11,4,2019
4315,82,12,3,2019
4316,82,2,551,2020
4317,82,3,9,2020
4318,82,4,6,2020
4319,82,5,55,2020
4320,82,6,16,2020
4321,82,8,2,2020
4322,83,6,15,2011
4323,83,7,4,2011
4324,83,8,6,2011
4325,83,9,4,2011
4326,83,10,26,2011
4327,83,11,12,2011
4328,83,12,26,2011
4329,83,6,15,2012
4330,83,7,4,2012
4331,83,8,6,2012
4332,83,9,4,2012
4333,83,10,26,2012
4334,83,11,12,2012
4335,83,12,26,2012
4336,83,6,15,2013
4337,83,7,4,2013
4338,83,8,6,2013
4339,83,9,4,2013
4340,83,10,26,2013
4341,83,11,12,2013
4342,83,12,26,2013
4343,83,6,15,2014
4344,83,7,4,2014
4345,83,8,6,2014
4346,83,9,4,2014
4347,83,10,26,2014
4348,83,11,12,2014
4349,83,12,26,2014
4350,83,6,15,2015
4351,83,7,4,2015
4352,83,8,6,2015
4353,83,9,4,2015
4354,83,10,26,2015
4355,83,11,12,2015
4356,83,12,26,2015
4357,83,6,15,2016
4358,83,7,4,2016
4359,83,8,6,2016
4360,83,9,4,2016
4361,83,10,26,2016
4362,83,11,12,2016
4363,83,12,26,2016
4364,83,6,15,2017
4365,83,7,4,2017
4366,83,8,6,2017
4367,83,9,4,2017
4368,83,10,26,2017
4369,83,11,12,2017
4370,83,12,26,2017
4371,83,1,47,2018
4372,83,2,151,2018
4373,83,3,19,2018
4374,83,4,104,2018
4375,83,5,10,2018
4376,83,6,4,2018
4377,83,7,63,2018
4378,83,8,4,2018
4379,83,9,70,2018
4380,83,10,18,2018
4381,83,11,64,2018
4382,83,12,28,2018
4383,83,1,19,2019
4384,83,2,80,2019
4385,83,3,219,2019
4386,83,4,81,2019
4387,83,5,2,2019
4388,83,8,33,2019
4389,83,9,4,2019
4390,83,10,22,2019
4391,83,11,1,2019
4392,83,1,1,2020
4393,83,2,28,2020
4394,83,3,4,2020
4395,83,4,5,2020
4396,83,5,7,2020
4397,83,6,1,2020
4398,84,6,16,2011
4399,84,7,2,2011
4400,84,8,27,2011
4401,84,9,7,2011
4402,84,10,16,2011
4403,84,11,7,2011
4404,84,12,28,2011
4405,84,6,16,2012
4406,84,7,2,2012
4407,84,8,27,2012
4408,84,9,7,2012
4409,84,10,16,2012
4410,84,11,7,2012
4411,84,12,28,2012
4412,84,6,16,2013
4413,84,7,2,2013
4414,84,8,27,2013
4415,84,9,7,2013
4416,84,10,16,2013
4417,84,11,7,2013
4418,84,12,28,2013
4419,84,6,16,2014
4420,84,7,2,2014
4421,84,8,27,2014
4422,84,9,7,2014
4423,84,10,16,2014
4424,84,11,7,2014
4425,84,12,28,2014
4426,84,6,16,2015
4427,84,7,2,2015
4428,84,8,27,2015
4429,84,9,7,2015
4430,84,10,16,2015
4431,84,11,7,2015
4432,84,12,28,2015
4433,84,6,16,2016
4434,84,7,2,2016
4435,84,8,27,2016
4436,84,9,7,2016
4437,84,10,16,2016
4438,84,11,7,2016
4439,84,12,28,2016
4440,84,6,16,2017
4441,84,7,2,2017
4442,84,8,27,2017
4443,84,9,7,2017
4444,84,10,16,2017
4445,84,11,7,2017
4446,84,12,28,2017
4447,84,1,45,2018
4448,84,2,52,2018
4449,84,3,71,2018
4450,84,4,248,2018
4451,84,5,4,2018
4452,84,6,3,2018
4453,84,7,18,2018
4454,84,8,2,2018
4455,84,9,53,2018
4456,84,10,6,2018
4457,84,11,71,2018
4458,84,12,10,2018
4459,84,1,29,2019
4460,84,2,66,2019
4461,84,3,203,2019
4462,84,4,369,2019
4463,84,5,20,2019
4464,84,6,1,2019
4465,84,8,20,2019
4466,84,10,2,2019
4467,84,12,4,2019
4468,84,1,7,2020
4469,84,2,4,2020
4470,84,3,8,2020
4471,84,4,7,2020
4472,84,8,1,2020
4473,86,6,4,2011
4474,86,7,11,2011
4475,86,8,1,2011
4476,86,9,2,2011
4477,86,10,3,2011
4478,86,12,3,2011
4479,86,6,4,2012
4480,86,7,11,2012
4481,86,8,1,2012
4482,86,9,2,2012
4483,86,10,3,2012
4484,86,12,3,2012
4485,86,6,4,2013
4486,86,7,11,2013
4487,86,8,1,2013
4488,86,9,2,2013
4489,86,10,3,2013
4490,86,12,3,2013
4491,86,6,4,2014
4492,86,7,11,2014
4493,86,8,1,2014
4494,86,9,2,2014
4495,86,10,3,2014
4496,86,12,3,2014
4497,86,6,4,2015
4498,86,7,11,2015
4499,86,8,1,2015
4500,86,9,2,2015
4501,86,10,3,2015
4502,86,12,3,2015
4503,86,6,4,2016
4504,86,7,11,2016
4505,86,8,1,2016
4506,86,9,2,2016
4507,86,10,3,2016
4508,86,12,3,2016
4509,86,6,4,2017
4510,86,7,11,2017
4511,86,8,1,2017
4512,86,9,2,2017
4513,86,10,3,2017
4514,86,12,3,2017
4515,86,2,64,2018
4516,86,3,543,2018
4517,86,4,12,2018
4518,86,6,8,2018
4519,86,7,4,2018
4520,86,10,1,2018
4521,86,11,5,2018
4522,86,1,11,2019
4523,86,2,383,2019
4524,86,3,531,2019
4525,86,4,21,2019
4526,86,5,1,2019
4527,86,6,3,2019
4528,86,7,6,2019
4529,86,10,6,2019
4530,86,12,1,2019
4531,86,1,6,2020
4532,86,2,222,2020
4533,86,3,1,2020
4534,86,4,3,2020
4535,86,5,6,2020
4536,87,3,1,2011
4537,87,4,1,2011
4538,87,3,4,2012
4539,87,2,1,2013
4540,87,3,4,2013
4541,87,2,1,2014
4542,87,3,2,2014
4543,87,4,1,2014
4544,87,6,2,2014
4545,87,8,1,2014
4546,87,2,1,2015
4547,87,3,2,2015
4548,87,4,1,2015
4549,87,6,2,2015
4550,87,8,1,2015
4551,87,1,2,2016
4552,87,3,2,2016
4553,87,4,4,2016
4554,87,5,2,2016
4555,87,8,1,2016
4556,87,4,2,2017
4557,87,5,5,2017
4558,87,6,16,2017
4559,87,7,19,2017
4560,87,8,53,2017
4561,87,9,61,2017
4562,87,10,44,2017
4563,87,11,92,2017
4564,87,12,150,2017
4565,87,1,75,2018
4566,87,2,2135,2018
4567,87,3,3868,2018
4568,87,4,1338,2018
4569,87,5,57,2018
4570,87,6,36,2018
4571,87,7,76,2018
4572,87,8,59,2018
4573,87,9,74,2018
4574,87,10,108,2018
4575,87,11,129,2018
4576,87,12,81,2018
4577,87,1,568,2019
4578,87,2,4303,2019
4579,87,3,6419,2019
4580,87,4,248,2019
4581,87,5,228,2019
4582,87,6,26,2019
4583,87,7,274,2019
4584,87,8,44,2019
4585,87,9,40,2019
4586,87,10,78,2019
4587,87,11,8,2019
4588,87,12,15,2019
4589,87,1,397,2020
4590,87,2,2128,2020
4591,87,3,47,2020
4592,87,4,39,2020
4593,87,5,272,2020
4594,87,6,26,2020
4595,87,7,4,2020
4596,87,8,2,2020
4597,89,4,3,2011
4598,89,5,3,2011
4599,89,5,1,2012
4600,89,4,2,2013
4601,89,5,2,2013
4602,89,6,1,2013
4603,89,7,4,2013
4604,89,4,2,2014
4605,89,5,2,2014
4606,89,6,1,2014
4607,89,7,4,2014
4608,89,3,3,2015
4609,89,4,2,2015
4610,89,5,2,2015
4611,89,8,5,2015
4612,89,2,4,2016
4613,89,3,1,2016
4614,89,4,2,2016
4615,89,5,9,2016
4616,89,7,2,2016
4617,89,8,2,2016
4618,89,1,1,2017
4619,89,4,9,2017
4620,89,5,3,2017
4621,89,6,42,2017
4622,89,7,44,2017
4623,89,8,114,2017
4624,89,9,78,2017
4625,89,10,50,2017
4626,89,11,133,2017
4627,89,12,619,2017
4628,89,1,160,2018
4629,89,2,441,2018
4630,89,3,3142,2018
4631,89,4,4302,2018
4632,89,5,85,2018
4633,89,6,6,2018
4634,89,7,93,2018
4635,89,8,142,2018
4636,89,9,130,2018
4637,89,10,74,2018
4638,89,11,226,2018
4639,89,12,287,2018
4640,89,1,163,2019
4641,89,2,2177,2019
4642,89,3,8358,2019
4643,89,4,2280,2019
4644,89,5,155,2019
4645,89,6,12,2019
4646,89,7,364,2019
4647,89,8,81,2019
4648,89,9,18,2019
4649,89,10,17,2019
4650,89,11,69,2019
4651,89,12,50,2019
4652,89,1,59,2020
4653,89,2,1054,2020
4654,89,3,123,2020
4655,89,4,64,2020
4656,89,5,60,2020
4657,89,6,10,2020
4658,89,7,6,2020
4659,91,3,1,2011
4660,91,8,2,2011
4661,91,12,10,2011
4662,91,1,6,2012
4663,91,2,13,2012
4664,91,3,7,2012
4665,91,4,2,2012
4666,91,5,2,2012
4667,91,6,5,2012
4668,91,1,5,2013
4669,91,3,6,2013
4670,91,4,1,2013
4671,91,12,1,2013
4672,91,1,4,2014
4673,91,2,2,2014
4674,91,3,2,2014
4675,91,4,3,2014
4676,91,5,4,2014
4677,91,1,2,2015
4678,91,2,16,2015
4679,91,3,28,2015
4680,91,4,7,2015
4681,91,5,3,2015
4682,91,6,4,2015
4683,91,7,3,2015
4684,91,8,1,2015
4685,91,10,4,2015
4686,91,11,1,2015
4687,91,12,2,2015
4688,91,1,3,2016
4689,91,2,3,2016
4690,91,3,8,2016
4691,91,4,14,2016
4692,91,5,14,2016
4693,91,6,3,2016
4694,91,2,5,2017
4695,91,3,4,2017
4696,91,4,6,2017
4697,91,5,4,2017
4698,91,6,109,2017
4699,91,7,23,2017
4700,91,8,71,2017
4701,91,9,86,2017
4702,91,10,71,2017
4703,91,11,105,2017
4704,91,12,138,2017
4705,91,1,179,2018
4706,91,2,883,2018
4707,91,3,5761,2018
4708,91,4,4207,2018
4709,91,5,63,2018
4710,91,6,30,2018
4711,91,7,46,2018
4712,91,8,10,2018
4713,91,9,152,2018
4714,91,10,116,2018
4715,91,11,194,2018
4716,91,12,70,2018
4717,91,1,131,2019
4718,91,2,2610,2019
4719,91,3,12371,2019
4720,91,4,2471,2019
4721,91,5,148,2019
4722,91,6,11,2019
4723,91,7,36,2019
4724,91,8,92,2019
4725,91,9,31,2019
4726,91,10,46,2019
4727,91,11,18,2019
4728,91,12,16,2019
4729,91,1,93,2020
4730,91,2,1136,2020
4731,91,3,262,2020
4732,91,4,46,2020
4733,91,5,101,2020
4734,91,6,14,2020
4735,91,8,1,2020
4736,92,5,2,2011
4737,92,6,14,2011
4738,92,7,6,2011
4739,92,8,4,2011
4740,92,9,15,2011
4741,92,10,1,2011
4742,92,11,2,2011
4743,92,12,1,2011
4744,92,5,2,2012
4745,92,6,14,2012
4746,92,7,6,2012
4747,92,8,4,2012
4748,92,9,15,2012
4749,92,10,1,2012
4750,92,11,2,2012
4751,92,12,1,2012
4752,92,5,2,2013
4753,92,6,14,2013
4754,92,7,6,2013
4755,92,8,4,2013
4756,92,9,15,2013
4757,92,10,1,2013
4758,92,11,2,2013
4759,92,12,1,2013
4760,92,5,2,2014
4761,92,6,14,2014
4762,92,7,6,2014
4763,92,8,4,2014
4764,92,9,15,2014
4765,92,10,1,2014
4766,92,11,2,2014
4767,92,12,1,2014
4768,92,5,2,2015
4769,92,6,14,2015
4770,92,7,6,2015
4771,92,8,4,2015
4772,92,9,15,2015
4773,92,10,1,2015
4774,92,11,2,2015
4775,92,12,1,2015
4776,92,5,2,2016
4777,92,6,14,2016
4778,92,7,6,2016
4779,92,8,4,2016
4780,92,9,15,2016
4781,92,10,1,2016
4782,92,11,2,2016
4783,92,12,1,2016
4784,92,5,2,2017
4785,92,6,14,2017
4786,92,7,6,2017
4787,92,8,4,2017
4788,92,9,15,2017
4789,92,10,1,2017
4790,92,11,2,2017
4791,92,12,1,2017
4792,92,1,2,2018
4793,92,2,129,2018
4794,92,3,4245,2018
4795,92,4,111,2018
4796,92,5,2,2018
4797,92,6,24,2018
4798,92,7,5,2018
4799,92,8,1,2018
4800,92,9,3,2018
4801,92,11,4,2018
4802,92,1,1,2019
4803,92,2,2558,2019
4804,92,3,2816,2019
4805,92,4,14,2019
4806,92,5,15,2019
4807,92,7,6,2019
4808,92,9,2,2019
4809,92,10,2,2019
4810,92,1,1,2020
4811,92,2,1270,2020
4812,92,3,16,2020
4813,92,5,31,2020
4814,92,6,16,2020
4815,93,4,1,2011
4816,93,2,2,2012
4817,93,2,2,2013
4818,93,2,2,2014
4819,93,3,1,2015
4820,93,3,1,2016
4821,93,5,1,2017
4822,93,6,3,2017
4823,93,7,4,2017
4824,93,8,9,2017
4825,93,9,7,2017
4826,93,10,24,2017
4827,93,11,13,2017
4828,93,12,22,2017
4829,93,1,18,2018
4830,93,2,61,2018
4831,93,3,1613,2018
4832,93,4,1326,2018
4833,93,5,5,2018
4834,93,6,10,2018
4835,93,7,12,2018
4836,93,8,1,2018
4837,93,9,27,2018
4838,93,10,9,2018
4839,93,11,41,2018
4840,93,12,8,2018
4841,93,1,14,2019
4842,93,2,212,2019
4843,93,3,3520,2019
4844,93,4,545,2019
4845,93,5,4,2019
4846,93,8,21,2019
4847,93,10,6,2019
4848,93,11,3,2019
4849,93,1,2,2020
4850,93,2,43,2020
4851,93,3,64,2020
4852,93,4,3,2020
4853,93,5,7,2020
4854,93,6,2,2020
4855,94,2,1,2011
4856,94,2,1,2012
4857,94,2,1,2013
4858,94,2,1,2014
4859,94,3,2,2015
4860,94,5,1,2015
4861,94,9,1,2015
4862,94,3,2,2016
4863,94,5,1,2016
4864,94,9,1,2016
4865,94,6,9,2017
4866,94,7,3,2017
4867,94,8,39,2017
4868,94,9,6,2017
4869,94,10,21,2017
4870,94,11,21,2017
4871,94,12,43,2017
4872,94,1,75,2018
4873,94,2,78,2018
4874,94,3,267,2018
4875,94,4,1548,2018
4876,94,5,53,2018
4877,94,6,5,2018
4878,94,7,12,2018
4879,94,8,2,2018
4880,94,9,33,2018
4881,94,10,20,2018
4882,94,11,45,2018
4883,94,12,7,2018
4884,94,1,98,2019
4885,94,2,201,2019
4886,94,3,1272,2019
4887,94,4,1494,2019
4888,94,5,134,2019
4889,94,6,1,2019
4890,94,7,2,2019
4891,94,8,16,2019
4892,94,9,3,2019
4893,94,11,3,2019
4894,94,12,32,2019
4895,94,1,39,2020
4896,94,2,43,2020
4897,94,3,53,2020
4898,94,4,39,2020
4899,94,5,19,2020
4900,94,6,2,2020
4901,95,3,1,2011
4902,95,3,1,2012
4903,95,3,1,2013
4904,95,3,1,2014
4905,95,3,1,2015
4906,95,3,1,2016
4907,95,6,4,2017
4908,95,7,6,2017
4909,95,8,17,2017
4910,95,9,17,2017
4911,95,10,23,2017
4912,95,11,28,2017
4913,95,12,21,2017
4914,95,1,27,2018
4915,95,2,14,2018
4916,95,3,165,2018
4917,95,4,834,2018
4918,95,5,49,2018
4919,95,6,2,2018
4920,95,7,3,2018
4921,95,9,15,2018
4922,95,10,2,2018
4923,95,11,14,2018
4924,95,12,7,2018
4925,95,1,62,2019
4926,95,2,71,2019
4927,95,3,586,2019
4928,95,4,622,2019
4929,95,5,92,2019
4930,95,6,1,2019
4931,95,7,1,2019
4932,95,8,5,2019
4933,95,10,2,2019
4934,95,11,1,2019
4935,95,12,17,2019
4936,95,1,36,2020
4937,95,2,32,2020
4938,95,3,23,2020
4939,95,4,32,2020
4940,95,5,13,2020
4941,95,6,1,2020
4942,96,3,2,2011
4943,96,8,2,2011
4944,96,3,2,2012
4945,96,8,2,2012
4946,96,1,3,2013
4947,96,2,2,2013
4948,96,3,4,2013
4949,96,5,4,2013
4950,96,11,1,2013
4951,96,2,1,2014
4952,96,3,1,2014
4953,96,6,1,2014
4954,96,2,1,2015
4955,96,3,7,2015
4956,96,4,3,2015
4957,96,5,5,2015
4958,96,7,2,2015
4959,96,8,1,2015
4960,96,9,7,2015
4961,96,12,1,2015
4962,96,1,4,2016
4963,96,2,3,2016
4964,96,3,6,2016
4965,96,4,7,2016
4966,96,5,1,2016
4967,96,11,1,2016
4968,96,3,2,2017
4969,96,4,7,2017
4970,96,5,2,2017
4971,96,6,32,2017
4972,96,7,13,2017
4973,96,8,24,2017
4974,96,9,11,2017
4975,96,10,29,2017
4976,96,11,56,2017
4977,96,12,19,2017
4978,96,1,31,2018
4979,96,2,86,2018
4980,96,3,286,2018
4981,96,4,86,2018
4982,96,5,7,2018
4983,96,6,1,2018
4984,96,7,6,2018
4985,96,8,4,2018
4986,96,9,20,2018
4987,96,10,16,2018
4988,96,11,37,2018
4989,96,12,2,2018
4990,96,1,63,2019
4991,96,2,327,2019
4992,96,3,816,2019
4993,96,4,126,2019
4994,96,5,45,2019
4995,96,6,2,2019
4996,96,8,7,2019
4997,96,9,3,2019
4998,96,10,7,2019
4999,96,11,14,2019
5000,96,12,2,2019
5001,96,1,32,2020
5002,96,2,413,2020
5003,96,3,15,2020
5004,96,4,8,2020
5005,96,5,9,2020
5006,96,6,1,2020
