Name,Year,Month,value
Cô Tô,2019,1,209
Cửa Ông,2019,1,253
Bãi Cháy,2019,1,214
Hòn Dấu,2019,1,204
Bạch Long Vĩ,2019,1,148
Sầm Sơn,2019,1,193
Hòn Ngư,2019,1,159
Cồn Cỏ,2019,1,89
Sơn Trà,2019,1,113
Quy Nhơn,2019,1,172
Phú Quý,2019,1,229
Trường Sa,2019,1,241
Vũng Tàu,2019,1,293
Côn Đảo,2019,1,275
Thổ Chu,2019,1,102
Phú Quốc,2019,1,115
Cô Tô,2018,1,205
Cửa Ông,2018,1,251
Bãi Cháy,2018,1,211
Hòn Dấu,2018,1,199
Bạch Long Vĩ,2018,1,145
Sầm Sơn,2018,1,190
Hòn Ngư,2018,1,163
Cồn Cỏ,2018,1,90
Sơn Trà,2018,1,108
Quy Nhơn,2018,1,164
Phú Quý,2018,1,223
Trường Sa,2018,1,244
Vũng Tàu,2018,1,285
Côn Đảo,2018,1,267
Thổ Chu,2018,1,95
Phú Quốc,2018,1,109
Cô Tô,2017,1,214
Cửa Ông,2017,1,256
Bãi Cháy,2017,1,220
Hòn Dấu,2017,1,208
Bạch Long Vĩ,2017,1,151
Sầm Sơn,2017,1,191
Hòn Ngư,2017,1,173
Cồn Cỏ,2017,1,89
Sơn Trà,2017,1,116
Quy Nhơn,2017,1,171
Phú Quý,2017,1,231
Trường Sa,2017,1,239
Vũng Tàu,2017,1,294
Côn Đảo,2017,1,274
Thổ Chu,2017,1,105
Phú Quốc,2017,1,116
Cô Tô,2016,1,201
Cửa Ông,2016,1,249
Bãi Cháy,2016,1,213
Hòn Dấu,2016,1,201
Bạch Long Vĩ,2016,1,149
Sầm Sơn,2016,1,189
Hòn Ngư,2016,1,178
Cồn Cỏ,2016,1,89
Sơn Trà,2016,1,107
Quy Nhơn,2016,1,163
Phú Quý,2016,1,224
Trường Sa,2016,1,238
Vũng Tàu,2016,1,283
Côn Đảo,2016,1,...
Thổ Chu,2016,1,...
Phú Quốc,2016,1,...
Cô Tô,2015,1,199
Cửa Ông,2015,1,241
Bãi Cháy,2015,1,208
Hòn Dấu,2015,1,195
Bạch Long Vĩ,2015,1,135
Sầm Sơn,2015,1,189
Hòn Ngư,2015,1,166
Cồn Cỏ,2015,1,85
Sơn Trà,2015,1,101
Quy Nhơn,2015,1,161
Phú Quý,2015,1,224
Trường Sa,2015,1,239
Vũng Tàu,2015,1,280
Côn Đảo,2015,1,268
Thổ Chu,2015,1,98
Phú Quốc,2015,1,107
Cô Tô,2014,1,189
Cửa Ông,2014,1,240
Bãi Cháy,2014,1,204
Hòn Dấu,2014,1,191
Bạch Long Vĩ,2014,1,145
Sầm Sơn,2014,1,188
Hòn Ngư,2014,1,152
Cồn Cỏ,2014,1,81
Sơn Trà,2014,1,99
Quy Nhơn,2014,1,159
Phú Quý,2014,1,221
Trường Sa,2014,1,246
Vũng Tàu,2014,1,281
Côn Đảo,2014,1,265
Thổ Chu,2014,1,98
Phú Quốc,2014,1,106
Cô Tô,2019,2,206
Cửa Ông,2019,2,250
Bãi Cháy,2019,2,211
Hòn Dấu,2019,2,200
Bạch Long Vĩ,2019,2,145
Sầm Sơn,2019,2,190
Hòn Ngư,2019,2,149
Cồn Cỏ,2019,2,76
Sơn Trà,2019,2,93
Quy Nhơn,2019,2,153
Phú Quý,2019,2,221
Trường Sa,2019,2,241
Vũng Tàu,2019,2,275
Côn Đảo,2019,2,258
Thổ Chu,2019,2,87
Phú Quốc,2019,2,102
Cô Tô,2018,2,197
Cửa Ông,2018,2,242
Bãi Cháy,2018,2,211
Hòn Dấu,2018,2,192
Bạch Long Vĩ,2018,2,143
Sầm Sơn,2018,2,189
Hòn Ngư,2018,2,145
Cồn Cỏ,2018,2,79
Sơn Trà,2018,2,99
Quy Nhơn,2018,2,157
Phú Quý,2018,2,222
Trường Sa,2018,2,242
Vũng Tàu,2018,2,288
Côn Đảo,2018,2,264
Thổ Chu,2018,2,99
Phú Quốc,2018,2,111
Cô Tô,2017,2,211
Cửa Ông,2017,2,251
Bãi Cháy,2017,2,213
Hòn Dấu,2017,2,202
Bạch Long Vĩ,2017,2,150
Sầm Sơn,2017,2,195
Hòn Ngư,2017,2,165
Cồn Cỏ,2017,2,91
Sơn Trà,2017,2,109
Quy Nhơn,2017,2,165
Phú Quý,2017,2,224
Trường Sa,2017,2,239
Vũng Tàu,2017,2,288
Côn Đảo,2017,2,269
Thổ Chu,2017,2,99
Phú Quốc,2017,2,113
Cô Tô,2016,2,200
Cửa Ông,2016,2,241
Bãi Cháy,2016,2,207
Hòn Dấu,2016,2,191
Bạch Long Vĩ,2016,2,143
Sầm Sơn,2016,2,182
Hòn Ngư,2016,2,172
Cồn Cỏ,2016,2,87
Sơn Trà,2016,2,102
Quy Nhơn,2016,2,159
Phú Quý,2016,2,223
Trường Sa,2016,2,238
Vũng Tàu,2016,2,288
Côn Đảo,2016,2,...
Thổ Chu,2016,2,...
Phú Quốc,2016,2,...
Cô Tô,2015,2,198
Cửa Ông,2015,2,239
Bãi Cháy,2015,2,207
Hòn Dấu,2015,2,193
Bạch Long Vĩ,2015,2,142
Sầm Sơn,2015,2,185
Hòn Ngư,2015,2,161
Cồn Cỏ,2015,2,78
Sơn Trà,2015,2,94
Quy Nhơn,2015,2,153
Phú Quý,2015,2,218
Trường Sa,2015,2,240
Vũng Tàu,2015,2,271
Côn Đảo,2015,2,260
Thổ Chu,2015,2,90
Phú Quốc,2015,2,102
Cô Tô,2014,2,187
Cửa Ông,2014,2,243
Bãi Cháy,2014,2,208
Hòn Dấu,2014,2,194
Bạch Long Vĩ,2014,2,149
Sầm Sơn,2014,2,183
Hòn Ngư,2014,2,166
Cồn Cỏ,2014,2,81
Sơn Trà,2014,2,98
Quy Nhơn,2014,2,157
Phú Quý,2014,2,222
Trường Sa,2014,2,247
Vũng Tàu,2014,2,276
Côn Đảo,2014,2,261
Thổ Chu,2014,2,91
Phú Quốc,2014,2,100
Cô Tô,2019,3,209
Cửa Ông,2019,3,250
Bãi Cháy,2019,3,210
Hòn Dấu,2019,3,199
Bạch Long Vĩ,2019,3,147
Sầm Sơn,2019,3,190
Hòn Ngư,2019,3,148
Cồn Cỏ,2019,3,79
Sơn Trà,2019,3,97
Quy Nhơn,2019,3,153
Phú Quý,2019,3,222
Trường Sa,2019,3,241
Vũng Tàu,2019,3,79
Côn Đảo,2019,3,255
Thổ Chu,2019,3,83
Phú Quốc,2019,3,98
Cô Tô,2018,3,201
Cửa Ông,2018,3,241
Bãi Cháy,2018,3,208
Hòn Dấu,2018,3,190
Bạch Long Vĩ,2018,3,145
Sầm Sơn,2018,3,188
Hòn Ngư,2018,3,143
Cồn Cỏ,2018,3,72
Sơn Trà,2018,3,90
Quy Nhơn,2018,3,151
Phú Quý,2018,3,217
Trường Sa,2018,3,241
Vũng Tàu,2018,3,274
Côn Đảo,2018,3,256
Thổ Chu,2018,3,88
Phú Quốc,2018,3,102
Cô Tô,2017,3,212
Cửa Ông,2017,3,251
Bãi Cháy,2017,3,215
Hòn Dấu,2017,3,202
Bạch Long Vĩ,2017,3,152
Sầm Sơn,2017,3,189
Hòn Ngư,2017,3,157
Cồn Cỏ,2017,3,82
Sơn Trà,2017,3,102
Quy Nhơn,2017,3,157
Phú Quý,2017,3,218
Trường Sa,2017,3,239
Vũng Tàu,2017,3,277
Côn Đảo,2017,3,260
Thổ Chu,2017,3,89
Phú Quốc,2017,3,103
Cô Tô,2016,3,206
Cửa Ông,2016,3,244
Bãi Cháy,2016,3,209
Hòn Dấu,2016,3,194
Bạch Long Vĩ,2016,3,149
Sầm Sơn,2016,3,185
Hòn Ngư,2016,3,169
Cồn Cỏ,2016,3,78
Sơn Trà,2016,3,95
Quy Nhơn,2016,3,152
Phú Quý,2016,3,218
Trường Sa,2016,3,239
Vũng Tàu,2016,3,274
Côn Đảo,2016,3,...
Thổ Chu,2016,3,...
Phú Quốc,2016,3,...
Cô Tô,2015,3,203
Cửa Ông,2015,3,243
Bãi Cháy,2015,3,210
Hòn Dấu,2015,3,195
Bạch Long Vĩ,2015,3,143
Sầm Sơn,2015,3,183
Hòn Ngư,2015,3,163
Cồn Cỏ,2015,3,74
Sơn Trà,2015,3,90
Quy Nhơn,2015,3,148
Phú Quý,2015,3,217
Trường Sa,2015,3,239
Vũng Tàu,2015,3,264
Côn Đảo,2015,3,253
Thổ Chu,2015,3,84
Phú Quốc,2015,3,93
Cô Tô,2014,3,190
Cửa Ông,2014,3,241
Bãi Cháy,2014,3,204
Hòn Dấu,2014,3,190
Bạch Long Vĩ,2014,3,147
Sầm Sơn,2014,3,186
Hòn Ngư,2014,3,163
Cồn Cỏ,2014,3,73
Sơn Trà,2014,3,92
Quy Nhơn,2014,3,153
Phú Quý,2014,3,216
Trường Sa,2014,3,243
Vũng Tàu,2014,3,271
Côn Đảo,2014,3,257
Thổ Chu,2014,3,89
Phú Quốc,2014,3,97
Cô Tô,2019,4,210
Cửa Ông,2019,4,253
Bãi Cháy,2019,4,213
Hòn Dấu,2019,4,203
Bạch Long Vĩ,2019,4,153
Sầm Sơn,2019,4,190
Hòn Ngư,2019,4,148
Cồn Cỏ,2019,4,77
Sơn Trà,2019,4,92
Quy Nhơn,2019,4,150
Phú Quý,2019,4,220
Trường Sa,2019,4,241
Vũng Tàu,2019,4,269
Côn Đảo,2019,4,254
Thổ Chu,2019,4,80
Phú Quốc,2019,4,96
Cô Tô,2018,4,207
Cửa Ông,2018,4,242
Bãi Cháy,2018,4,206
Hòn Dấu,2018,4,191
Bạch Long Vĩ,2018,4,142
Sầm Sơn,2018,4,190
Hòn Ngư,2018,4,150
Cồn Cỏ,2018,4,68
Sơn Trà,2018,4,89
Quy Nhơn,2018,4,151
Phú Quý,2018,4,218
Trường Sa,2018,4,240
Vũng Tàu,2018,4,271
Côn Đảo,2018,4,253
Thổ Chu,2018,4,83
Phú Quốc,2018,4,97
Cô Tô,2017,4,208
Cửa Ông,2017,4,250
Bãi Cháy,2017,4,212
Hòn Dấu,2017,4,199
Bạch Long Vĩ,2017,4,156
Sầm Sơn,2017,4,189
Hòn Ngư,2017,4,158
Cồn Cỏ,2017,4,76
Sơn Trà,2017,4,98
Quy Nhơn,2017,4,153
Phú Quý,2017,4,217
Trường Sa,2017,4,237
Vũng Tàu,2017,4,272
Côn Đảo,2017,4,256
Thổ Chu,2017,4,81
Phú Quốc,2017,4,95
Cô Tô,2016,4,201
Cửa Ông,2016,4,246
Bãi Cháy,2016,4,208
Hòn Dấu,2016,4,194
Bạch Long Vĩ,2016,4,149
Sầm Sơn,2016,4,186
Hòn Ngư,2016,4,168
Cồn Cỏ,2016,4,68
Sơn Trà,2016,4,86
Quy Nhơn,2016,4,142
Phú Quý,2016,4,215
Trường Sa,2016,4,239
Vũng Tàu,2016,4,258
Côn Đảo,2016,4,...
Thổ Chu,2016,4,...
Phú Quốc,2016,4,...
Cô Tô,2015,4,201
Cửa Ông,2015,4,242
Bãi Cháy,2015,4,205
Hòn Dấu,2015,4,193
Bạch Long Vĩ,2015,4,145
Sầm Sơn,2015,4,188
Hòn Ngư,2015,4,159
Cồn Cỏ,2015,4,71
Sơn Trà,2015,4,89
Quy Nhơn,2015,4,146
Phú Quý,2015,4,216
Trường Sa,2015,4,239
Vũng Tàu,2015,4,263
Côn Đảo,2015,4,252
Thổ Chu,2015,4,81
Phú Quốc,2015,4,89
Cô Tô,2014,4,193
Cửa Ông,2014,4,247
Bãi Cháy,2014,4,210
Hòn Dấu,2014,4,194
Bạch Long Vĩ,2014,4,149
Sầm Sơn,2014,4,191
Hòn Ngư,2014,4,164
Cồn Cỏ,2014,4,67
Sơn Trà,2014,4,87
Quy Nhơn,2014,4,152
Phú Quý,2014,4,220
Trường Sa,2014,4,240
Vũng Tàu,2014,4,264
Côn Đảo,2014,4,250
Thổ Chu,2014,4,79
Phú Quốc,2014,4,87
Cô Tô,2019,5,216
Cửa Ông,2019,5,261
Bãi Cháy,2019,5,219
Hòn Dấu,2019,5,208
Bạch Long Vĩ,2019,5,152
Sầm Sơn,2019,5,188
Hòn Ngư,2019,5,167
Cồn Cỏ,2019,5,72
Sơn Trà,2019,5,97
Quy Nhơn,2019,5,153
Phú Quý,2019,5,222
Trường Sa,2019,5,242
Vũng Tàu,2019,5,265
Côn Đảo,2019,5,247
Thổ Chu,2019,5,74
Phú Quốc,2019,5,89
Cô Tô,2018,5,202
Cửa Ông,2018,5,246
Bãi Cháy,2018,5,211
Hòn Dấu,2018,5,195
Bạch Long Vĩ,2018,5,148
Sầm Sơn,2018,5,189
Hòn Ngư,2018,5,153
Cồn Cỏ,2018,5,61
Sơn Trà,2018,5,85
Quy Nhơn,2018,5,145
Phú Quý,2018,5,213
Trường Sa,2018,5,240
Vũng Tàu,2018,5,262
Côn Đảo,2018,5,267
Thổ Chu,2018,5,71
Phú Quốc,2018,5,87
Cô Tô,2017,5,207
Cửa Ông,2017,5,246
Bãi Cháy,2017,5,209
Hòn Dấu,2017,5,196
Bạch Long Vĩ,2017,5,147
Sầm Sơn,2017,5,190
Hòn Ngư,2017,5,152
Cồn Cỏ,2017,5,70
Sơn Trà,2017,5,94
Quy Nhơn,2017,5,152
Phú Quý,2017,5,217
Trường Sa,2017,5,236
Vũng Tàu,2017,5,265
Côn Đảo,2017,5,249
Thổ Chu,2017,5,76
Phú Quốc,2017,5,89
Cô Tô,2016,5,209
Cửa Ông,2016,5,251
Bãi Cháy,2016,5,211
Hòn Dấu,2016,5,203
Bạch Long Vĩ,2016,5,153
Sầm Sơn,2016,5,188
Hòn Ngư,2016,5,170
Cồn Cỏ,2016,5,69
Sơn Trà,2016,5,90
Quy Nhơn,2016,5,148
Phú Quý,2016,5,215
Trường Sa,2016,5,239
Vũng Tàu,2016,5,261
Côn Đảo,2016,5,...
Thổ Chu,2016,5,...
Phú Quốc,2016,5,...
Cô Tô,2015,5,200
Cửa Ông,2015,5,243
Bãi Cháy,2015,5,209
Hòn Dấu,2015,5,194
Bạch Long Vĩ,2015,5,152
Sầm Sơn,2015,5,188
Hòn Ngư,2015,5,154
Cồn Cỏ,2015,5,60
Sơn Trà,2015,5,80
Quy Nhơn,2015,5,138
Phú Quý,2015,5,212
Trường Sa,2015,5,236
Vũng Tàu,2015,5,248
Côn Đảo,2015,5,238
Thổ Chu,2015,5,67
Phú Quốc,2015,5,77
Cô Tô,2014,5,188
Cửa Ông,2014,5,245
Bãi Cháy,2014,5,208
Hòn Dấu,2014,5,192
Bạch Long Vĩ,2014,5,147
Sầm Sơn,2014,5,191
Hòn Ngư,2014,5,160
Cồn Cỏ,2014,5,61
Sơn Trà,2014,5,84
Quy Nhơn,2014,5,145
Phú Quý,2014,5,217
Trường Sa,2014,5,238
Vũng Tàu,2014,5,257
Côn Đảo,2014,5,245
Thổ Chu,2014,5,73
Phú Quốc,2014,5,82
Cô Tô,2019,6,210
Cửa Ông,2019,6,253
Bãi Cháy,2019,6,216
Hòn Dấu,2019,6,203
Bạch Long Vĩ,2019,6,151
Sầm Sơn,2019,6,189
Hòn Ngư,2019,6,154
Cồn Cỏ,2019,6,66
Sơn Trà,2019,6,87
Quy Nhơn,2019,6,144
Phú Quý,2019,6,221
Trường Sa,2019,6,243
Vũng Tàu,2019,6,254
Côn Đảo,2019,6,239
Thổ Chu,2019,6,68
Phú Quốc,2019,6,83
Cô Tô,2018,6,204
Cửa Ông,2018,6,251
Bãi Cháy,2018,6,209
Hòn Dấu,2018,6,197
Bạch Long Vĩ,2018,6,148
Sầm Sơn,2018,6,187
Hòn Ngư,2018,6,152
Cồn Cỏ,2018,6,65
Sơn Trà,2018,6,88
Quy Nhơn,2018,6,148
Phú Quý,2018,6,215
Trường Sa,2018,6,243
Vũng Tàu,2018,6,248
Côn Đảo,2018,6,232
Thổ Chu,2018,6,63
Phú Quốc,2018,6,78
Cô Tô,2017,6,206
Cửa Ông,2017,6,248
Bãi Cháy,2017,6,210
Hòn Dấu,2017,6,198
Bạch Long Vĩ,2017,6,147
Sầm Sơn,2017,6,186
Hòn Ngư,2017,6,147
Cồn Cỏ,2017,6,65
Sơn Trà,2017,6,90
Quy Nhơn,2017,6,146
Phú Quý,2017,6,218
Trường Sa,2017,6,238
Vũng Tàu,2017,6,253
Côn Đảo,2017,6,240
Thổ Chu,2017,6,68
Phú Quốc,2017,6,82
Cô Tô,2016,6,205
Cửa Ông,2016,6,244
Bãi Cháy,2016,6,207
Hòn Dấu,2016,6,194
Bạch Long Vĩ,2016,6,152
Sầm Sơn,2016,6,191
Hòn Ngư,2016,6,155
Cồn Cỏ,2016,6,60
Sơn Trà,2016,6,81
Quy Nhơn,2016,6,139
Phú Quý,2016,6,215
Trường Sa,2016,6,239
Vũng Tàu,2016,6,249
Côn Đảo,2016,6,...
Thổ Chu,2016,6,...
Phú Quốc,2016,6,...
Cô Tô,2015,6,200
Cửa Ông,2015,6,244
Bãi Cháy,2015,6,209
Hòn Dấu,2015,6,192
Bạch Long Vĩ,2015,6,151
Sầm Sơn,2015,6,188
Hòn Ngư,2015,6,151
Cồn Cỏ,2015,6,55
Sơn Trà,2015,6,77
Quy Nhơn,2015,6,136
Phú Quý,2015,6,217
Trường Sa,2015,6,236
Vũng Tàu,2015,6,246
Côn Đảo,2015,6,236
Thổ Chu,2015,6,64
Phú Quốc,2015,6,75
Cô Tô,2014,6,189
Cửa Ông,2014,6,245
Bãi Cháy,2014,6,208
Hòn Dấu,2014,6,194
Bạch Long Vĩ,2014,6,152
Sầm Sơn,2014,6,192
Hòn Ngư,2014,6,157
Cồn Cỏ,2014,6,61
Sơn Trà,2014,6,85
Quy Nhơn,2014,6,145
Phú Quý,2014,6,219
Trường Sa,2014,6,238
Vũng Tàu,2014,6,245
Côn Đảo,2014,6,235
Thổ Chu,2014,6,67
Phú Quốc,2014,6,78
Cô Tô,2019,7,211
Cửa Ông,2019,7,251
Bãi Cháy,2019,7,211
Hòn Dấu,2019,7,200
Bạch Long Vĩ,2019,7,148
Sầm Sơn,2019,7,190
Hòn Ngư,2019,7,147
Cồn Cỏ,2019,7,66
Sơn Trà,2019,7,87
Quy Nhơn,2019,7,144
Phú Quý,2019,7,221
Trường Sa,2019,7,242
Vũng Tàu,2019,7,249
Côn Đảo,2019,7,235
Thổ Chu,2019,7,66
Phú Quốc,2019,7,81
Cô Tô,2018,7,215
Cửa Ông,2018,7,258
Bãi Cháy,2018,7,216
Hòn Dấu,2018,7,207
Bạch Long Vĩ,2018,7,154
Sầm Sơn,2018,7,192
Hòn Ngư,2018,7,170
Cồn Cỏ,2018,7,69
Sơn Trà,2018,7,97
Quy Nhơn,2018,7,151
Phú Quý,2018,7,222
Trường Sa,2018,7,243
Vũng Tàu,2018,7,245
Côn Đảo,2018,7,232
Thổ Chu,2018,7,67
Phú Quốc,2018,7,83
Cô Tô,2017,7,210
Cửa Ông,2017,7,256
Bãi Cháy,2017,7,216
Hòn Dấu,2017,7,204
Bạch Long Vĩ,2017,7,149
Sầm Sơn,2017,7,192
Hòn Ngư,2017,7,173
Cồn Cỏ,2017,7,71
Sơn Trà,2017,7,96
Quy Nhơn,2017,7,152
Phú Quý,2017,7,219
Trường Sa,2017,7,239
Vũng Tàu,2017,7,252
Côn Đảo,2017,7,240
Thổ Chu,2017,7,69
Phú Quốc,2017,7,81
Cô Tô,2016,7,204
Cửa Ông,2016,7,251
Bãi Cháy,2016,7,210
Hòn Dấu,2016,7,198
Bạch Long Vĩ,2016,7,153
Sầm Sơn,2016,7,194
Hòn Ngư,2016,7,151
Cồn Cỏ,2016,7,57
Sơn Trà,2016,7,81
Quy Nhơn,2016,7,139
Phú Quý,2016,7,219
Trường Sa,2016,7,239
Vũng Tàu,2016,7,252
Côn Đảo,2016,7,...
Thổ Chu,2016,7,...
Phú Quốc,2016,7,...
Cô Tô,2015,7,197
Cửa Ông,2015,7,244
Bãi Cháy,2015,7,207
Hòn Dấu,2015,7,190
Bạch Long Vĩ,2015,7,150
Sầm Sơn,2015,7,185
Hòn Ngư,2015,7,155
Cồn Cỏ,2015,7,63
Sơn Trà,2015,7,83
Quy Nhơn,2015,7,139
Phú Quý,2015,7,216
Trường Sa,2015,7,237
Vũng Tàu,2015,7,242
Côn Đảo,2015,7,233
Thổ Chu,2015,7,63
Phú Quốc,2015,7,77
Cô Tô,2014,7,199
Cửa Ông,2014,7,247
Bãi Cháy,2014,7,210
Hòn Dấu,2014,7,192
Bạch Long Vĩ,2014,7,148
Sầm Sơn,2014,7,190
Hòn Ngư,2014,7,159
Cồn Cỏ,2014,7,63
Sơn Trà,2014,7,86
Quy Nhơn,2014,7,146
Phú Quý,2014,7,221
Trường Sa,2014,7,237
Vũng Tàu,2014,7,243
Côn Đảo,2014,7,235
Thổ Chu,2014,7,68
Phú Quốc,2014,7,80
Cô Tô,2019,8,208
Cửa Ông,2019,8,251
Bãi Cháy,2019,8,213
Hòn Dấu,2019,8,197
Bạch Long Vĩ,2019,8,154
Sầm Sơn,2019,8,198
Hòn Ngư,2019,8,170
Cồn Cỏ,2019,8,70
Sơn Trà,2019,8,91
Quy Nhơn,2019,8,147
Phú Quý,2019,8,223
Trường Sa,2019,8,242
Vũng Tàu,2019,8,246
Côn Đảo,2019,8,233
Thổ Chu,2019,8,66
Phú Quốc,2019,8,87
Cô Tô,2018,8,212
Cửa Ông,2018,8,254
Bãi Cháy,2018,8,214
Hòn Dấu,2018,8,198
Bạch Long Vĩ,2018,8,154
Sầm Sơn,2018,8,198
Hòn Ngư,2018,8,170
Cồn Cỏ,2018,8,69
Sơn Trà,2018,8,95
Quy Nhơn,2018,8,150
Phú Quý,2018,8,223
Trường Sa,2018,8,242
Vũng Tàu,2018,8,247
Côn Đảo,2018,8,236
Thổ Chu,2018,8,68
Phú Quốc,2018,8,83
Cô Tô,2017,8,210
Cửa Ông,2017,8,253
Bãi Cháy,2017,8,217
Hòn Dấu,2017,8,201
Bạch Long Vĩ,2017,8,151
Sầm Sơn,2017,8,197
Hòn Ngư,2017,8,158
Cồn Cỏ,2017,8,71
Sơn Trà,2017,8,92
Quy Nhơn,2017,8,147
Phú Quý,2017,8,222
Trường Sa,2017,8,244
Vũng Tàu,2017,8,253
Côn Đảo,2017,8,242
Thổ Chu,2017,8,73
Phú Quốc,2017,8,88
Cô Tô,2016,8,210
Cửa Ông,2016,8,253
Bãi Cháy,2016,8,216
Hòn Dấu,2016,8,201
Bạch Long Vĩ,2016,8,154
Sầm Sơn,2016,8,194
Hòn Ngư,2016,8,158
Cồn Cỏ,2016,8,70
Sơn Trà,2016,8,93
Quy Nhơn,2016,8,151
Phú Quý,2016,8,223
Trường Sa,2016,8,240
Vũng Tàu,2016,8,251
Côn Đảo,2016,8,...
Thổ Chu,2016,8,...
Phú Quốc,2016,8,...
Cô Tô,2015,8,210
Cửa Ông,2015,8,251
Bãi Cháy,2015,8,212
Hòn Dấu,2015,8,202
Bạch Long Vĩ,2015,8,152
Sầm Sơn,2015,8,194
Hòn Ngư,2015,8,162
Cồn Cỏ,2015,8,68
Sơn Trà,2015,8,89
Quy Nhơn,2015,8,148
Phú Quý,2015,8,216
Trường Sa,2015,8,229
Vũng Tàu,2015,8,245
Côn Đảo,2015,8,240
Thổ Chu,2015,8,67
Phú Quốc,2015,8,77
Cô Tô,2014,8,195
Cửa Ông,2014,8,245
Bãi Cháy,2014,8,211
Hòn Dấu,2014,8,190
Bạch Long Vĩ,2014,8,152
Sầm Sơn,2014,8,195
Hòn Ngư,2014,8,156
Cồn Cỏ,2014,8,62
Sơn Trà,2014,8,84
Quy Nhơn,2014,8,143
Phú Quý,2014,8,226
Trường Sa,2014,8,241
Vũng Tàu,2014,8,247
Côn Đảo,2014,8,240
Thổ Chu,2014,8,73
Phú Quốc,2014,8,82
Cô Tô,2019,9,215
Cửa Ông,2019,9,259
Bãi Cháy,2019,9,221
Hòn Dấu,2019,9,208
Bạch Long Vĩ,2019,9,158
Sầm Sơn,2019,9,205
Hòn Ngư,2019,9,195
Cồn Cỏ,2019,9,82
Sơn Trà,2019,9,108
Quy Nhơn,2019,9,162
Phú Quý,2019,9,227
Trường Sa,2019,9,236
Vũng Tàu,2019,9,265
Côn Đảo,2019,9,249
Thổ Chu,2019,9,78
Phú Quốc,2019,9,95
Cô Tô,2018,9,219
Cửa Ông,2018,9,261
Bãi Cháy,2018,9,219
Hòn Dấu,2018,9,207
Bạch Long Vĩ,2018,9,156
Sầm Sơn,2018,9,206
Hòn Ngư,2018,9,182
Cồn Cỏ,2018,9,79
Sơn Trà,2018,9,103
Quy Nhơn,2018,9,158
Phú Quý,2018,9,226
Trường Sa,2018,9,242
Vũng Tàu,2018,9,260
Côn Đảo,2018,9,247
Thổ Chu,2018,9,74
Phú Quốc,2018,9,85
Cô Tô,2017,9,219
Cửa Ông,2017,9,264
Bãi Cháy,2017,9,225
Hòn Dấu,2017,9,212
Bạch Long Vĩ,2017,9,166
Sầm Sơn,2017,9,210
Hòn Ngư,2017,9,175
Cồn Cỏ,2017,9,82
Sơn Trà,2017,9,105
Quy Nhơn,2017,9,158
Phú Quý,2017,9,223
Trường Sa,2017,9,241
Vũng Tàu,2017,9,265
Côn Đảo,2017,9,248
Thổ Chu,2017,9,76
Phú Quốc,2017,9,91
Cô Tô,2016,9,217
Cửa Ông,2016,9,258
Bãi Cháy,2016,9,223
Hòn Dấu,2016,9,207
Bạch Long Vĩ,2016,9,158
Sầm Sơn,2016,9,202
Hòn Ngư,2016,9,180
Cồn Cỏ,2016,9,83
Sơn Trà,2016,9,108
Quy Nhơn,2016,9,160
Phú Quý,2016,9,223
Trường Sa,2016,9,238
Vũng Tàu,2016,9,262
Côn Đảo,2016,9,...
Thổ Chu,2016,9,...
Phú Quốc,2016,9,...
Cô Tô,2015,9,218
Cửa Ông,2015,9,259
Bãi Cháy,2015,9,224
Hòn Dấu,2015,9,211
Bạch Long Vĩ,2015,9,161
Sầm Sơn,2015,9,199
Hòn Ngư,2015,9,181
Cồn Cỏ,2015,9,81
Sơn Trà,2015,9,102
Quy Nhơn,2015,9,158
Phú Quý,2015,9,213
Trường Sa,2015,9,239
Vũng Tàu,2015,9,256
Côn Đảo,2015,9,245
Thổ Chu,2015,9,72
Phú Quốc,2015,9,89
Cô Tô,2014,9,207
Cửa Ông,2014,9,255
Bãi Cháy,2014,9,218
Hòn Dấu,2014,9,206
Bạch Long Vĩ,2014,9,154
Sầm Sơn,2014,9,204
Hòn Ngư,2014,9,172
Cồn Cỏ,2014,9,73
Sơn Trà,2014,9,98
Quy Nhơn,2014,9,154
Phú Quý,2014,9,221
Trường Sa,2014,9,243
Vũng Tàu,2014,9,252
Côn Đảo,2014,9,245
Thổ Chu,2014,9,77
Phú Quốc,2014,9,87
Cô Tô,2019,10,226
Cửa Ông,2019,10,262
Bãi Cháy,2019,10,227
Hòn Dấu,2019,10,214
Bạch Long Vĩ,2019,10,158
Sầm Sơn,2019,10,211
Hòn Ngư,2019,10,182
Cồn Cỏ,2019,10,94
Sơn Trà,2019,10,114
Quy Nhơn,2019,10,167
Phú Quý,2019,10,224
Trường Sa,2019,10,243
Vũng Tàu,2019,10,282
Côn Đảo,2019,10,263
Thổ Chu,2019,10,91
Phú Quốc,2019,10,106
Cô Tô,2018,10,228
Cửa Ông,2018,10,271
Bãi Cháy,2018,10,229
Hòn Dấu,2018,10,218
Bạch Long Vĩ,2018,10,168
Sầm Sơn,2018,10,209
Hòn Ngư,2018,10,191
Cồn Cỏ,2018,10,94
Sơn Trà,2018,10,115
Quy Nhơn,2018,10,169
Phú Quý,2018,10,226
Trường Sa,2018,10,242
Vũng Tàu,2018,10,286
Côn Đảo,2018,10,268
Thổ Chu,2018,10,93
Phú Quốc,2018,10,107
Cô Tô,2017,10,228
Cửa Ông,2017,10,280
Bãi Cháy,2017,10,240
Hòn Dấu,2017,10,231
Bạch Long Vĩ,2017,10,171
Sầm Sơn,2017,10,214
Hòn Ngư,2017,10,202
Cồn Cỏ,2017,10,109
Sơn Trà,2017,10,134
Quy Nhơn,2017,10,180
Phú Quý,2017,10,234
Trường Sa,2017,10,237
Vũng Tàu,2017,10,290
Côn Đảo,2017,10,270
Thổ Chu,2017,10,92
Phú Quốc,2017,10,105
Cô Tô,2016,10,218
Cửa Ông,2016,10,262
Bãi Cháy,2016,10,224
Hòn Dấu,2016,10,214
Bạch Long Vĩ,2016,10,163
Sầm Sơn,2016,10,206
Hòn Ngư,2016,10,186
Cồn Cỏ,2016,10,92
Sơn Trà,2016,10,117
Quy Nhơn,2016,10,170
Phú Quý,2016,10,221
Trường Sa,2016,10,239
Vũng Tàu,2016,10,276
Côn Đảo,2016,10,...
Thổ Chu,2016,10,...
Phú Quốc,2016,10,...
Cô Tô,2015,10,221
Cửa Ông,2015,10,262
Bãi Cháy,2015,10,224
Hòn Dấu,2015,10,210
Bạch Long Vĩ,2015,10,158
Sầm Sơn,2015,10,207
Hòn Ngư,2015,10,188
Cồn Cỏ,2015,10,89
Sơn Trà,2015,10,111
Quy Nhơn,2015,10,165
Phú Quý,2015,10,224
Trường Sa,2015,10,240
Vũng Tàu,2015,10,278
Côn Đảo,2015,10,263
Thổ Chu,2015,10,86
Phú Quốc,2015,10,108
Cô Tô,2014,10,216
Cửa Ông,2014,10,272
Bãi Cháy,2014,10,233
Hòn Dấu,2014,10,224
Bạch Long Vĩ,2014,10,171
Sầm Sơn,2014,10,209
Hòn Ngư,2014,10,197
Cồn Cỏ,2014,10,100
Sơn Trà,2014,10,122
Quy Nhơn,2014,10,172
Phú Quý,2014,10,225
Trường Sa,2014,10,242
Vũng Tàu,2014,10,278
Côn Đảo,2014,10,268
Thổ Chu,2014,10,92
Phú Quốc,2014,10,102
Cô Tô,2019,11,223
Cửa Ông,2019,11,266
Bãi Cháy,2019,11,228
Hòn Dấu,2019,11,215
Bạch Long Vĩ,2019,11,167
Sầm Sơn,2019,11,208
Hòn Ngư,2019,11,176
Cồn Cỏ,2019,11,106
Sơn Trà,2019,11,126
Quy Nhơn,2019,11,179
Phú Quý,2019,11,230
Trường Sa,2019,11,242
Vũng Tàu,2019,11,289
Côn Đảo,2019,11,272
Thổ Chu,2019,11,103
Phú Quốc,2019,11,114
Cô Tô,2018,11,219
Cửa Ông,2018,11,264
Bãi Cháy,2018,11,228
Hòn Dấu,2018,11,214
Bạch Long Vĩ,2018,11,164
Sầm Sơn,2018,11,210
Hòn Ngư,2018,11,182
Cồn Cỏ,2018,11,96
Sơn Trà,2018,11,114
Quy Nhơn,2018,11,171
Phú Quý,2018,11,230
Trường Sa,2018,11,241
Vũng Tàu,2018,11,289
Côn Đảo,2018,11,271
Thổ Chu,2018,11,103
Phú Quốc,2018,11,110
Cô Tô,2017,11,224
Cửa Ông,2017,11,266
Bãi Cháy,2017,11,226
Hòn Dấu,2017,11,216
Bạch Long Vĩ,2017,11,165
Sầm Sơn,2017,11,207
Hòn Ngư,2017,11,186
Cồn Cỏ,2017,11,109
Sơn Trà,2017,11,135
Quy Nhơn,2017,11,190
Phú Quý,2017,11,234
Trường Sa,2017,11,243
Vũng Tàu,2017,11,297
Côn Đảo,2017,11,276
Thổ Chu,2017,11,103
Phú Quốc,2017,11,116
Cô Tô,2016,11,219
Cửa Ông,2016,11,266
Bãi Cháy,2016,11,229
Hòn Dấu,2016,11,218
Bạch Long Vĩ,2016,11,164
Sầm Sơn,2016,11,205
Hòn Ngư,2016,11,194
Cồn Cỏ,2016,11,106
Sơn Trà,2016,11,129
Quy Nhơn,2016,11,180
Phú Quý,2016,11,229
Trường Sa,2016,11,239
Vũng Tàu,2016,11,293
Côn Đảo,2016,11,...
Thổ Chu,2016,11,...
Phú Quốc,2016,11,...
Cô Tô,2015,11,218
Cửa Ông,2015,11,264
Bãi Cháy,2015,11,227
Hòn Dấu,2015,11,213
Bạch Long Vĩ,2015,11,160
Sầm Sơn,2015,11,208
Hòn Ngư,2015,11,192
Cồn Cỏ,2015,11,97
Sơn Trà,2015,11,111
Quy Nhơn,2015,11,168
Phú Quý,2015,11,223
Trường Sa,2015,11,238
Vũng Tàu,2015,11,284
Côn Đảo,2015,11,267
Thổ Chu,2015,11,93
Phú Quốc,2015,11,116
Cô Tô,2014,11,220
Cửa Ông,2014,11,262
Bãi Cháy,2014,11,225
Hòn Dấu,2014,11,215
Bạch Long Vĩ,2014,11,169
Sầm Sơn,2014,11,206
Hòn Ngư,2014,11,189
Cồn Cỏ,2014,11,99
Sơn Trà,2014,11,119
Quy Nhơn,2014,11,173
Phú Quý,2014,11,225
Trường Sa,2014,11,243
Vũng Tàu,2014,11,285
Côn Đảo,2014,11,270
Thổ Chu,2014,11,98
Phú Quốc,2014,11,110
Cô Tô,2019,12,211
Cửa Ông,2019,12,252
Bãi Cháy,2019,12,215
Hòn Dấu,2019,12,201
Bạch Long Vĩ,2019,12,158
Sầm Sơn,2019,12,201
Hòn Ngư,2019,12,154
Cồn Cỏ,2019,12,92
Sơn Trà,2019,12,110
Quy Nhơn,2019,12,166
Phú Quý,2019,12,223
Trường Sa,2019,12,243
Vũng Tàu,2019,12,286
Côn Đảo,2019,12,268
Thổ Chu,2019,12,103
Phú Quốc,2019,12,113
Cô Tô,2018,12,215
Cửa Ông,2018,12,260
Bãi Cháy,2018,12,221
Hòn Dấu,2018,12,210
Bạch Long Vĩ,2018,12,155
Sầm Sơn,2018,12,202
Hòn Ngư,2018,12,178
Cồn Cỏ,2018,12,97
Sơn Trà,2018,12,123
Quy Nhơn,2018,12,175
Phú Quý,2018,12,230
Trường Sa,2018,12,240
Vũng Tàu,2018,12,291
Côn Đảo,2018,12,271
Thổ Chu,2018,12,104
Phú Quốc,2018,12,112
Cô Tô,2017,12,212
Cửa Ông,2017,12,254
Bãi Cháy,2017,12,219
Hòn Dấu,2017,12,204
Bạch Long Vĩ,2017,12,158
Sầm Sơn,2017,12,199
Hòn Ngư,2017,12,173
Cồn Cỏ,2017,12,104
Sơn Trà,2017,12,121
Quy Nhơn,2017,12,178
Phú Quý,2017,12,234
Trường Sa,2017,12,240
Vũng Tàu,2017,12,299
Côn Đảo,2017,12,242
Thổ Chu,2017,12,106
Phú Quốc,2017,12,118
Cô Tô,2016,12,216
Cửa Ông,2016,12,261
Bãi Cháy,2016,12,222
Hòn Dấu,2016,12,213
Bạch Long Vĩ,2016,12,155
Sầm Sơn,2016,12,197
Hòn Ngư,2016,12,182
Cồn Cỏ,2016,12,113
Sơn Trà,2016,12,130
Quy Nhơn,2016,12,187
Phú Quý,2016,12,231
Trường Sa,2016,12,238
Vũng Tàu,2016,12,296
Côn Đảo,2016,12,...
Thổ Chu,2016,12,...
Phú Quốc,2016,12,...
Cô Tô,2015,12,210
Cửa Ông,2015,12,255
Bãi Cháy,2015,12,217
Hòn Dấu,2015,12,204
Bạch Long Vĩ,2015,12,156
Sầm Sơn,2015,12,199
Hòn Ngư,2015,12,188
Cồn Cỏ,2015,12,97
Sơn Trà,2015,12,114
Quy Nhơn,2015,12,171
Phú Quý,2015,12,229
Trường Sa,2015,12,238
Vũng Tàu,2015,12,289
Côn Đảo,2015,12,272
Thổ Chu,2015,12,103
Phú Quốc,2015,12,123
Cô Tô,2014,12,211
Cửa Ông,2014,12,250
Bãi Cháy,2014,12,216
Hòn Dấu,2014,12,207
Bạch Long Vĩ,2014,12,152
Sầm Sơn,2014,12,197
Hòn Ngư,2014,12,182
Cồn Cỏ,2014,12,101
Sơn Trà,2014,12,122
Quy Nhơn,2014,12,179
Phú Quý,2014,12,230
Trường Sa,2014,12,238
Vũng Tàu,2014,12,292
Côn Đảo,2014,12,277
Thổ Chu,2014,12,110
Phú Quốc,2014,12,115
