Name,Year,value
Cô Tô,2013,198
Cửa Ông,2013,248
Bãi Cháy,2013,216
Hòn Dấu,2013,200
Bạch Long Vĩ,2013,153
Sầm Sơn,2013,195
Hòn Ngư,2013,157
Cồn Cỏ,2013,82
Sơn Trà,2013,101
Quy Nhơn,2013,162
Phú Quý,2013,224
Trường Sa,2013,242
Vũng Tàu,2013,272
Côn Đảo,2013,256
Thổ Chu,2013,89
Phú Quốc,2013,115
Cô Tô,2014,199
Cửa Ông,2014,249
Bãi Cháy,2014,213
Hòn Dấu,2014,199
Bạch Long Vĩ,2014,153
Sầm Sơn,2014,194
Hòn Ngư,2014,168
Cồn Cỏ,2014,77
Sơn Trà,2014,98
Quy Nhơn,2014,157
Phú Quý,2014,222
Trường Sa,2014,241
Vũng Tàu,2014,266
Côn Đảo,2014,254
Thổ Chu,2014,85
Phú Quốc,2014,94
Cô Tô,2015,206
Cửa Ông,2015,249
Bãi Cháy,2015,213
Hòn Dấu,2015,199
Bạch Long Vĩ,2015,150
Sầm Sơn,2015,193
Hòn Ngư,2015,168
Cồn Cỏ,2015,77
Sơn Trà,2015,95
Quy Nhơn,2015,153
Phú Quý,2015,219
Trường Sa,2015,237
Vũng Tàu,2015,264
Côn Đảo,2015,252
Thổ Chu,2015,81
Phú Quốc,2015,94
Cô Tô,2016,209
Cửa Ông,2016,252
Bãi Cháy,2016,215
Hòn Dấu,2016,202
Bạch Long Vĩ,2016,154
Sầm Sơn,2016,193
Hòn Ngư,2016,172
Cồn Cỏ,2016,81
Sơn Trà,2016,102
Quy Nhơn,2016,158
Phú Quý,2016,221
Trường Sa,2016,239
Vũng Tàu,2016,270
Côn Đảo,2016,...
Thổ Chu,2016,...
Phú Quốc,2016,...
Cô Tô,2017,213
Cửa Ông,2017,256
Bãi Cháy,2017,219
Hòn Dấu,2017,206
Bạch Long Vĩ,2017,155
Sầm Sơn,2017,197
Hòn Ngư,2017,168
Cồn Cỏ,2017,70
Sơn Trà,2017,96
Quy Nhơn,2017,162
Phú Quý,2017,225
Trường Sa,2017,239
Vũng Tàu,2017,275
Côn Đảo,2017,256
Thổ Chu,2017,86
Phú Quốc,2017,100
Cô Tô,2018,210
Cửa Ông,2018,253
Bãi Cháy,2018,215
Hòn Dấu,2018,202
Bạch Long Vĩ,2018,152
Sầm Sơn,2018,196
Hòn Ngư,2018,165
Cồn Cỏ,2018,78
Sơn Trà,2018,101
Quy Nhơn,2018,158
Phú Quý,2018,222
Trường Sa,2018,242
Vũng Tàu,2018,271
Côn Đảo,2018,255
Thổ Chu,2018,84
Phú Quốc,2018,97
Cô Tô,2019,213
Cửa Ông,2019,255
Bãi Cháy,2019,217
Hòn Dấu,2019,204
Bạch Long Vĩ,2019,153
Sầm Sơn,2019,196
Hòn Ngư,2019,162
Cồn Cỏ,2019,81
Sơn Trà,2019,101
Quy Nhơn,2019,158
Phú Quý,2019,224
Trường Sa,2019,241
Vũng Tàu,2019,254
Côn Đảo,2019,254
Thổ Chu,2019,83
Phú Quốc,2019,98
